task,algo1,algo2,test,alpha,epsilon,target_n,power,se
Ant-v5,SAC,TD3,t-test,0.05,0.5,2,0.057,0.007331507348424334
Ant-v5,SAC,TD3,Welch t-test,0.05,0.5,2,0.036,0.005891010100144117
Ant-v5,SAC,TD3,Mann-Whitney,0.05,0.5,2,0.0,0.0
Ant-v5,SAC,TD3,Ranked t-test,0.05,0.5,2,0.0,0.0
Ant-v5,SAC,TD3,bootstrap,0.05,0.5,2,0.358,0.01516034300403523
Ant-v5,SAC,TD3,permutation,0.05,0.5,2,0.38,0.015349267083479915
Ant-v5,SAC,TD3,t-test,0.05,0.5,3,0.07,0.008068457101577725
Ant-v5,SAC,TD3,Welch t-test,0.05,0.5,3,0.051,0.00695693898205238
Ant-v5,SAC,TD3,Mann-Whitney,0.05,0.5,3,0.0,0.0
Ant-v5,SAC,TD3,Ranked t-test,0.05,0.5,3,0.217,0.013034991369387246
Ant-v5,SAC,TD3,bootstrap,0.05,0.5,3,0.212,0.012925014506761685
Ant-v5,SAC,TD3,permutation,0.05,0.5,3,0.125,0.010458250331675944
Ant-v5,SAC,TD3,t-test,0.05,0.5,5,0.058,0.007391616873188166
Ant-v5,SAC,TD3,Welch t-test,0.05,0.5,5,0.057,0.007331507348424334
Ant-v5,SAC,TD3,Mann-Whitney,0.05,0.5,5,0.14,0.010972693379476163
Ant-v5,SAC,TD3,Ranked t-test,0.05,0.5,5,0.255,0.013783141876945184
Ant-v5,SAC,TD3,bootstrap,0.05,0.5,5,0.164,0.011709141727727102
Ant-v5,SAC,TD3,permutation,0.05,0.5,5,0.079,0.008529888627643388
Ant-v5,SAC,TD3,t-test,0.05,0.5,10,0.126,0.010493998284733994
Ant-v5,SAC,TD3,Welch t-test,0.05,0.5,10,0.116,0.010126401137620413
Ant-v5,SAC,TD3,Mann-Whitney,0.05,0.5,10,0.446,0.01571890581433708
Ant-v5,SAC,TD3,Ranked t-test,0.05,0.5,10,0.439,0.015693278816104682
Ant-v5,SAC,TD3,bootstrap,0.05,0.5,10,0.232,0.013348258313353095
Ant-v5,SAC,TD3,permutation,0.05,0.5,10,0.11,0.009894442884771228
Ant-v5,SAC,TD3,t-test,0.05,0.5,20,0.306,0.0145727142289966
Ant-v5,SAC,TD3,Welch t-test,0.05,0.5,20,0.294,0.014407081592050487
Ant-v5,SAC,TD3,Mann-Whitney,0.05,0.5,20,0.744,0.013800869537822608
Ant-v5,SAC,TD3,Ranked t-test,0.05,0.5,20,0.729,0.014055568291606
Ant-v5,SAC,TD3,bootstrap,0.05,0.5,20,0.412,0.015564575162849772
Ant-v5,SAC,TD3,permutation,0.05,0.5,20,0.269,0.014022802858202064
Ant-v5,SAC,TD3,t-test,0.05,0.5,30,0.439,0.015693278816104682
Ant-v5,SAC,TD3,Welch t-test,0.05,0.5,30,0.505,0.01581059771166163
Ant-v5,SAC,TD3,Mann-Whitney,0.05,0.5,30,0.907,0.009184280047995052
Ant-v5,SAC,TD3,Ranked t-test,0.05,0.5,30,0.898,0.009570579919733181
Ant-v5,SAC,TD3,bootstrap,0.05,0.5,30,0.564,0.015681326474504636
Ant-v5,SAC,TD3,permutation,0.05,0.5,30,0.492,0.015809364313595912
Ant-v5,SAC,TD3,t-test,0.05,1.0,2,0.062,0.007626008130076967
Ant-v5,SAC,TD3,Welch t-test,0.05,1.0,2,0.028,0.005216895628628198
Ant-v5,SAC,TD3,Mann-Whitney,0.05,1.0,2,0.0,0.0
Ant-v5,SAC,TD3,Ranked t-test,0.05,1.0,2,0.001,0.0009994998749374609
Ant-v5,SAC,TD3,bootstrap,0.05,1.0,2,0.47,0.015782902141241326
Ant-v5,SAC,TD3,permutation,0.05,1.0,2,0.448,0.01572564784039119
Ant-v5,SAC,TD3,t-test,0.05,1.0,3,0.061,0.0075682891065286355
Ant-v5,SAC,TD3,Welch t-test,0.05,1.0,3,0.039,0.006122009474020765
Ant-v5,SAC,TD3,Mann-Whitney,0.05,1.0,3,0.0,0.0
Ant-v5,SAC,TD3,Ranked t-test,0.05,1.0,3,0.419,0.015602531845825536
Ant-v5,SAC,TD3,bootstrap,0.05,1.0,3,0.374,0.015301111070768685
Ant-v5,SAC,TD3,permutation,0.05,1.0,3,0.206,0.0127892142057282
Ant-v5,SAC,TD3,t-test,0.05,1.0,5,0.19,0.012405643876881199
Ant-v5,SAC,TD3,Welch t-test,0.05,1.0,5,0.181,0.0121753439376471
Ant-v5,SAC,TD3,Mann-Whitney,0.05,1.0,5,0.458,0.015755506973753653
Ant-v5,SAC,TD3,Ranked t-test,0.05,1.0,5,0.578,0.015617810345883958
Ant-v5,SAC,TD3,bootstrap,0.05,1.0,5,0.46,0.015760710643876435
Ant-v5,SAC,TD3,permutation,0.05,1.0,5,0.213,0.012947239087929134
Ant-v5,SAC,TD3,t-test,0.05,1.0,10,0.575,0.015632498200863484
Ant-v5,SAC,TD3,Welch t-test,0.05,1.0,10,0.546,0.015744332313566048
Ant-v5,SAC,TD3,Mann-Whitney,0.05,1.0,10,0.87,0.010634848376916336
Ant-v5,SAC,TD3,Ranked t-test,0.05,1.0,10,0.9,0.009486832980505136
Ant-v5,SAC,TD3,bootstrap,0.05,1.0,10,0.765,0.013408019988051927
Ant-v5,SAC,TD3,permutation,0.05,1.0,10,0.598,0.015504708962118573
Ant-v5,SAC,TD3,t-test,0.05,1.0,20,0.938,0.00762600813007697
Ant-v5,SAC,TD3,Welch t-test,0.05,1.0,20,0.94,0.007509993342207438
Ant-v5,SAC,TD3,Mann-Whitney,0.05,1.0,20,0.998,0.0014127986409959495
Ant-v5,SAC,TD3,Ranked t-test,0.05,1.0,20,0.996,0.0019959959919799443
Ant-v5,SAC,TD3,bootstrap,0.05,1.0,20,0.968,0.005565608681896351
Ant-v5,SAC,TD3,permutation,0.05,1.0,20,0.924,0.008379976133617564
Ant-v5,SAC,TD3,t-test,0.05,1.0,30,0.992,0.0028170906978654425
Ant-v5,SAC,TD3,Welch t-test,0.05,1.0,30,0.996,0.0019959959919799443
Ant-v5,SAC,TD3,Mann-Whitney,0.05,1.0,30,1.0,0.0
Ant-v5,SAC,TD3,Ranked t-test,0.05,1.0,30,1.0,0.0
Ant-v5,SAC,TD3,bootstrap,0.05,1.0,30,0.998,0.0014127986409959495
Ant-v5,SAC,TD3,permutation,0.05,1.0,30,0.989,0.0032983329122452166
Ant-v5,SAC,TD3,t-test,0.05,2.0,2,0.205,0.0127661662216971
Ant-v5,SAC,TD3,Welch t-test,0.05,2.0,2,0.108,0.009815090422405696
Ant-v5,SAC,TD3,Mann-Whitney,0.05,2.0,2,0.0,0.0
Ant-v5,SAC,TD3,Ranked t-test,0.05,2.0,2,0.0,0.0
Ant-v5,SAC,TD3,bootstrap,0.05,2.0,2,0.948,0.007021111023192843
Ant-v5,SAC,TD3,permutation,0.05,2.0,2,0.938,0.00762600813007697
Ant-v5,SAC,TD3,t-test,0.05,2.0,3,0.472,0.015786576576319513
Ant-v5,SAC,TD3,Welch t-test,0.05,2.0,3,0.33,0.014869431730903503
Ant-v5,SAC,TD3,Mann-Whitney,0.05,2.0,3,0.0,0.0
Ant-v5,SAC,TD3,Ranked t-test,0.05,2.0,3,0.935,0.0077958322198467015
Ant-v5,SAC,TD3,bootstrap,0.05,2.0,3,0.978,0.004638534251247911
Ant-v5,SAC,TD3,permutation,0.05,2.0,3,0.876,0.010422283818818216
Ant-v5,SAC,TD3,t-test,0.05,2.0,5,0.937,0.007683163410991592
Ant-v5,SAC,TD3,Welch t-test,0.05,2.0,5,0.884,0.010126401137620413
Ant-v5,SAC,TD3,Mann-Whitney,0.05,2.0,5,0.986,0.0037153734670958734
Ant-v5,SAC,TD3,Ranked t-test,0.05,2.0,5,0.994,0.002442130217658347
Ant-v5,SAC,TD3,bootstrap,0.05,2.0,5,0.999,0.0009994998749374613
Ant-v5,SAC,TD3,permutation,0.05,2.0,5,0.98,0.0044271887242357325
Ant-v5,SAC,TD3,t-test,0.05,2.0,10,1.0,0.0
Ant-v5,SAC,TD3,Welch t-test,0.05,2.0,10,1.0,0.0
Ant-v5,SAC,TD3,Mann-Whitney,0.05,2.0,10,1.0,0.0
Ant-v5,SAC,TD3,Ranked t-test,0.05,2.0,10,1.0,0.0
Ant-v5,SAC,TD3,bootstrap,0.05,2.0,10,1.0,0.0
Ant-v5,SAC,TD3,permutation,0.05,2.0,10,1.0,0.0
Ant-v5,SAC,TD3,t-test,0.05,2.0,20,1.0,0.0
Ant-v5,SAC,TD3,Welch t-test,0.05,2.0,20,1.0,0.0
Ant-v5,SAC,TD3,Mann-Whitney,0.05,2.0,20,1.0,0.0
Ant-v5,SAC,TD3,Ranked t-test,0.05,2.0,20,1.0,0.0
Ant-v5,SAC,TD3,bootstrap,0.05,2.0,20,1.0,0.0
Ant-v5,SAC,TD3,permutation,0.05,2.0,20,1.0,0.0
Ant-v5,SAC,TD3,t-test,0.05,2.0,30,1.0,0.0
Ant-v5,SAC,TD3,Welch t-test,0.05,2.0,30,1.0,0.0
Ant-v5,SAC,TD3,Mann-Whitney,0.05,2.0,30,1.0,0.0
Ant-v5,SAC,TD3,Ranked t-test,0.05,2.0,30,1.0,0.0
Ant-v5,SAC,TD3,bootstrap,0.05,2.0,30,1.0,0.0
Ant-v5,SAC,TD3,permutation,0.05,2.0,30,1.0,0.0
Ant-v5,SAC,TD3,t-test,0.01,0.5,2,0.012,0.003443254274665175
Ant-v5,SAC,TD3,Welch t-test,0.01,0.5,2,0.003,0.001729450779872038
Ant-v5,SAC,TD3,Mann-Whitney,0.01,0.5,2,0.0,0.0
Ant-v5,SAC,TD3,Ranked t-test,0.01,0.5,2,0.0,0.0
Ant-v5,SAC,TD3,bootstrap,0.01,0.5,2,0.336,0.014936666294725875
Ant-v5,SAC,TD3,permutation,0.01,0.5,2,0.356,0.015141466243399283
Ant-v5,SAC,TD3,t-test,0.01,0.5,3,0.018,0.004204283529925164
Ant-v5,SAC,TD3,Welch t-test,0.01,0.5,3,0.008,0.0028170906978654416
Ant-v5,SAC,TD3,Mann-Whitney,0.01,0.5,3,0.0,0.0
Ant-v5,SAC,TD3,Ranked t-test,0.01,0.5,3,0.0,0.0
Ant-v5,SAC,TD3,bootstrap,0.01,0.5,3,0.167,0.01179453263168999
Ant-v5,SAC,TD3,permutation,0.01,0.5,3,0.115,0.010088359628799918
Ant-v5,SAC,TD3,t-test,0.01,0.5,5,0.015,0.003843826218756514
Ant-v5,SAC,TD3,Welch t-test,0.01,0.5,5,0.008,0.0028170906978654416
Ant-v5,SAC,TD3,Mann-Whitney,0.01,0.5,5,0.024,0.004839834707921336
Ant-v5,SAC,TD3,Ranked t-test,0.01,0.5,5,0.07,0.008068457101577725
Ant-v5,SAC,TD3,bootstrap,0.01,0.5,5,0.083,0.008724161850859944
Ant-v5,SAC,TD3,permutation,0.01,0.5,5,0.019,0.004317290817167636
Ant-v5,SAC,TD3,t-test,0.01,0.5,10,0.018,0.004204283529925164
Ant-v5,SAC,TD3,Welch t-test,0.01,0.5,10,0.019,0.004317290817167636
Ant-v5,SAC,TD3,Mann-Whitney,0.01,0.5,10,0.143,0.011070275515993266
Ant-v5,SAC,TD3,Ranked t-test,0.01,0.5,10,0.187,0.012330085157856777
Ant-v5,SAC,TD3,bootstrap,0.01,0.5,10,0.104,0.009653186002558949
Ant-v5,SAC,TD3,permutation,0.01,0.5,10,0.025,0.0049371044145328745
Ant-v5,SAC,TD3,t-test,0.01,0.5,20,0.074,0.00827792244467173
Ant-v5,SAC,TD3,Welch t-test,0.01,0.5,20,0.095,0.00927227048785787
Ant-v5,SAC,TD3,Mann-Whitney,0.01,0.5,20,0.499,0.015811356678033673
Ant-v5,SAC,TD3,Ranked t-test,0.01,0.5,20,0.556,0.015711906313366306
Ant-v5,SAC,TD3,bootstrap,0.01,0.5,20,0.196,0.012553246592017541
Ant-v5,SAC,TD3,permutation,0.01,0.5,20,0.088,0.008958571314668427
Ant-v5,SAC,TD3,t-test,0.01,0.5,30,0.215,0.012991343271578963
Ant-v5,SAC,TD3,Welch t-test,0.01,0.5,30,0.188,0.012355403676124872
Ant-v5,SAC,TD3,Mann-Whitney,0.01,0.5,30,0.727,0.014087973594523805
Ant-v5,SAC,TD3,Ranked t-test,0.01,0.5,30,0.753,0.013637851736985557
Ant-v5,SAC,TD3,bootstrap,0.01,0.5,30,0.304,0.014545927265045703
Ant-v5,SAC,TD3,permutation,0.01,0.5,30,0.19,0.012405643876881199
Ant-v5,SAC,TD3,t-test,0.01,1.0,2,0.015,0.003843826218756514
Ant-v5,SAC,TD3,Welch t-test,0.01,1.0,2,0.001,0.0009994998749374609
Ant-v5,SAC,TD3,Mann-Whitney,0.01,1.0,2,0.0,0.0
Ant-v5,SAC,TD3,Ranked t-test,0.01,1.0,2,0.0,0.0
Ant-v5,SAC,TD3,bootstrap,0.01,1.0,2,0.455,0.015747221977225064
Ant-v5,SAC,TD3,permutation,0.01,1.0,2,0.432,0.01566448211719749
Ant-v5,SAC,TD3,t-test,0.01,1.0,3,0.017,0.004087909000944126
Ant-v5,SAC,TD3,Welch t-test,0.01,1.0,3,0.011,0.003298332912245215
Ant-v5,SAC,TD3,Mann-Whitney,0.01,1.0,3,0.0,0.0
Ant-v5,SAC,TD3,Ranked t-test,0.01,1.0,3,0.0,0.0
Ant-v5,SAC,TD3,bootstrap,0.01,1.0,3,0.256,0.013800869537822608
Ant-v5,SAC,TD3,permutation,0.01,1.0,3,0.197,0.012577400367325514
Ant-v5,SAC,TD3,t-test,0.01,1.0,5,0.023,0.004740358636221525
Ant-v5,SAC,TD3,Welch t-test,0.01,1.0,5,0.016,0.003967870965643918
Ant-v5,SAC,TD3,Mann-Whitney,0.01,1.0,5,0.109,0.00985489725973843
Ant-v5,SAC,TD3,Ranked t-test,0.01,1.0,5,0.287,0.01430492922037715
Ant-v5,SAC,TD3,bootstrap,0.01,1.0,5,0.294,0.014407081592050487
Ant-v5,SAC,TD3,permutation,0.01,1.0,5,0.058,0.007391616873188166
Ant-v5,SAC,TD3,t-test,0.01,1.0,10,0.178,0.012096115078817662
Ant-v5,SAC,TD3,Welch t-test,0.01,1.0,10,0.177,0.012069424178476784
Ant-v5,SAC,TD3,Mann-Whitney,0.01,1.0,10,0.658,0.01500119995200384
Ant-v5,SAC,TD3,Ranked t-test,0.01,1.0,10,0.735,0.013956181426163821
Ant-v5,SAC,TD3,bootstrap,0.01,1.0,10,0.532,0.01577897335063343
Ant-v5,SAC,TD3,permutation,0.01,1.0,10,0.241,0.013524755080961725
Ant-v5,SAC,TD3,t-test,0.01,1.0,20,0.735,0.013956181426163821
Ant-v5,SAC,TD3,Welch t-test,0.01,1.0,20,0.732,0.014006284303840188
Ant-v5,SAC,TD3,Mann-Whitney,0.01,1.0,20,0.978,0.004638534251247911
Ant-v5,SAC,TD3,Ranked t-test,0.01,1.0,20,0.986,0.0037153734670958734
Ant-v5,SAC,TD3,bootstrap,0.01,1.0,20,0.866,0.010772372069326236
Ant-v5,SAC,TD3,permutation,0.01,1.0,20,0.768,0.013348258313353095
Ant-v5,SAC,TD3,t-test,0.01,1.0,30,0.961,0.006122009474020767
Ant-v5,SAC,TD3,Welch t-test,0.01,1.0,30,0.96,0.00619677335393187
Ant-v5,SAC,TD3,Mann-Whitney,0.01,1.0,30,0.999,0.0009994998749374613
Ant-v5,SAC,TD3,Ranked t-test,0.01,1.0,30,1.0,0.0
Ant-v5,SAC,TD3,bootstrap,0.01,1.0,30,0.984,0.00396787096564392
Ant-v5,SAC,TD3,permutation,0.01,1.0,30,0.955,0.00655553201502365
Ant-v5,SAC,TD3,t-test,0.01,2.0,2,0.043,0.006414904519944158
Ant-v5,SAC,TD3,Welch t-test,0.01,2.0,2,0.014,0.003715373467095872
Ant-v5,SAC,TD3,Mann-Whitney,0.01,2.0,2,0.0,0.0
Ant-v5,SAC,TD3,Ranked t-test,0.01,2.0,2,0.0,0.0
Ant-v5,SAC,TD3,bootstrap,0.01,2.0,2,0.948,0.007021111023192843
Ant-v5,SAC,TD3,permutation,0.01,2.0,2,0.94,0.007509993342207438
Ant-v5,SAC,TD3,t-test,0.01,2.0,3,0.111,0.00993373041711924
Ant-v5,SAC,TD3,Welch t-test,0.01,2.0,3,0.049,0.006826346021115542
Ant-v5,SAC,TD3,Mann-Whitney,0.01,2.0,3,0.0,0.0
Ant-v5,SAC,TD3,Ranked t-test,0.01,2.0,3,0.0,0.0
Ant-v5,SAC,TD3,bootstrap,0.01,2.0,3,0.949,0.006956938982052382
Ant-v5,SAC,TD3,permutation,0.01,2.0,3,0.859,0.011005407761641547
Ant-v5,SAC,TD3,t-test,0.01,2.0,5,0.494,0.015810249839898167
Ant-v5,SAC,TD3,Welch t-test,0.01,2.0,5,0.347,0.01505293991218991
Ant-v5,SAC,TD3,Mann-Whitney,0.01,2.0,5,0.616,0.015379986996093333
Ant-v5,SAC,TD3,Ranked t-test,0.01,2.0,5,0.952,0.006759881655768837
Ant-v5,SAC,TD3,bootstrap,0.01,2.0,5,0.997,0.0017294507798720387
Ant-v5,SAC,TD3,permutation,0.01,2.0,5,0.847,0.011383804285035824
Ant-v5,SAC,TD3,t-test,0.01,2.0,10,0.998,0.0014127986409959495
Ant-v5,SAC,TD3,Welch t-test,0.01,2.0,10,0.996,0.0019959959919799443
Ant-v5,SAC,TD3,Mann-Whitney,0.01,2.0,10,1.0,0.0
Ant-v5,SAC,TD3,Ranked t-test,0.01,2.0,10,1.0,0.0
Ant-v5,SAC,TD3,bootstrap,0.01,2.0,10,1.0,0.0
Ant-v5,SAC,TD3,permutation,0.01,2.0,10,1.0,0.0
Ant-v5,SAC,TD3,t-test,0.01,2.0,20,1.0,0.0
Ant-v5,SAC,TD3,Welch t-test,0.01,2.0,20,1.0,0.0
Ant-v5,SAC,TD3,Mann-Whitney,0.01,2.0,20,1.0,0.0
Ant-v5,SAC,TD3,Ranked t-test,0.01,2.0,20,1.0,0.0
Ant-v5,SAC,TD3,bootstrap,0.01,2.0,20,1.0,0.0
Ant-v5,SAC,TD3,permutation,0.01,2.0,20,1.0,0.0
Ant-v5,SAC,TD3,t-test,0.01,2.0,30,1.0,0.0
Ant-v5,SAC,TD3,Welch t-test,0.01,2.0,30,1.0,0.0
Ant-v5,SAC,TD3,Mann-Whitney,0.01,2.0,30,1.0,0.0
Ant-v5,SAC,TD3,Ranked t-test,0.01,2.0,30,1.0,0.0
Ant-v5,SAC,TD3,bootstrap,0.01,2.0,30,1.0,0.0
Ant-v5,SAC,TD3,permutation,0.01,2.0,30,1.0,0.0
Ant-v5,SAC,DDPG,t-test,0.05,0.5,2,0.072,0.008174105455644672
Ant-v5,SAC,DDPG,Welch t-test,0.05,0.5,2,0.032,0.005565608681896348
Ant-v5,SAC,DDPG,Mann-Whitney,0.05,0.5,2,0.0,0.0
Ant-v5,SAC,DDPG,Ranked t-test,0.05,0.5,2,0.0,0.0
Ant-v5,SAC,DDPG,bootstrap,0.05,0.5,2,0.397,0.01547226550961429
Ant-v5,SAC,DDPG,permutation,0.05,0.5,2,0.365,0.015224158433227107
Ant-v5,SAC,DDPG,t-test,0.05,0.5,3,0.073,0.008226238508577295
Ant-v5,SAC,DDPG,Welch t-test,0.05,0.5,3,0.043,0.006414904519944158
Ant-v5,SAC,DDPG,Mann-Whitney,0.05,0.5,3,0.0,0.0
Ant-v5,SAC,DDPG,Ranked t-test,0.05,0.5,3,0.268,0.014006284303840188
Ant-v5,SAC,DDPG,bootstrap,0.05,0.5,3,0.23,0.013307892395116516
Ant-v5,SAC,DDPG,permutation,0.05,0.5,3,0.109,0.00985489725973843
Ant-v5,SAC,DDPG,t-test,0.05,0.5,5,0.054,0.007147307185227175
Ant-v5,SAC,DDPG,Welch t-test,0.05,0.5,5,0.057,0.007331507348424334
Ant-v5,SAC,DDPG,Mann-Whitney,0.05,0.5,5,0.172,0.011933817494833746
Ant-v5,SAC,DDPG,Ranked t-test,0.05,0.5,5,0.269,0.014022802858202064
Ant-v5,SAC,DDPG,bootstrap,0.05,0.5,5,0.191,0.012430567163247218
Ant-v5,SAC,DDPG,permutation,0.05,0.5,5,0.068,0.007960904471226871
Ant-v5,SAC,DDPG,t-test,0.05,0.5,10,0.111,0.00993373041711924
Ant-v5,SAC,DDPG,Welch t-test,0.05,0.5,10,0.109,0.00985489725973843
Ant-v5,SAC,DDPG,Mann-Whitney,0.05,0.5,10,0.448,0.01572564784039119
Ant-v5,SAC,DDPG,Ranked t-test,0.05,0.5,10,0.497,0.01581110369329099
Ant-v5,SAC,DDPG,bootstrap,0.05,0.5,10,0.227,0.013246546719805883
Ant-v5,SAC,DDPG,permutation,0.05,0.5,10,0.111,0.00993373041711924
Ant-v5,SAC,DDPG,t-test,0.05,0.5,20,0.308,0.014599178059055242
Ant-v5,SAC,DDPG,Welch t-test,0.05,0.5,20,0.296,0.01443551176785915
Ant-v5,SAC,DDPG,Mann-Whitney,0.05,0.5,20,0.8,0.012649110640673518
Ant-v5,SAC,DDPG,Ranked t-test,0.05,0.5,20,0.823,0.012069424178476786
Ant-v5,SAC,DDPG,bootstrap,0.05,0.5,20,0.385,0.015387494922826133
Ant-v5,SAC,DDPG,permutation,0.05,0.5,20,0.326,0.01482309009619789
Ant-v5,SAC,DDPG,t-test,0.05,0.5,30,0.486,0.015805189021330938
Ant-v5,SAC,DDPG,Welch t-test,0.05,0.5,30,0.465,0.01577260282895629
Ant-v5,SAC,DDPG,Mann-Whitney,0.05,0.5,30,0.945,0.007209368904418752
Ant-v5,SAC,DDPG,Ranked t-test,0.05,0.5,30,0.925,0.00832916562447884
Ant-v5,SAC,DDPG,bootstrap,0.05,0.5,30,0.564,0.015681326474504636
Ant-v5,SAC,DDPG,permutation,0.05,0.5,30,0.472,0.015786576576319513
Ant-v5,SAC,DDPG,t-test,0.05,1.0,2,0.077,0.00843036179532053
Ant-v5,SAC,DDPG,Welch t-test,0.05,1.0,2,0.038,0.006046155803483731
Ant-v5,SAC,DDPG,Mann-Whitney,0.05,1.0,2,0.0,0.0
Ant-v5,SAC,DDPG,Ranked t-test,0.05,1.0,2,0.001,0.0009994998749374609
Ant-v5,SAC,DDPG,bootstrap,0.05,1.0,2,0.496,0.01581088232832058
Ant-v5,SAC,DDPG,permutation,0.05,1.0,2,0.496,0.01581088232832058
Ant-v5,SAC,DDPG,t-test,0.05,1.0,3,0.068,0.007960904471226871
Ant-v5,SAC,DDPG,Welch t-test,0.05,1.0,3,0.055,0.00720936890441875
Ant-v5,SAC,DDPG,Mann-Whitney,0.05,1.0,3,0.0,0.0
Ant-v5,SAC,DDPG,Ranked t-test,0.05,1.0,3,0.467,0.015776913513105152
Ant-v5,SAC,DDPG,bootstrap,0.05,1.0,3,0.421,0.015612783224012302
Ant-v5,SAC,DDPG,permutation,0.05,1.0,3,0.232,0.013348258313353095
Ant-v5,SAC,DDPG,t-test,0.05,1.0,5,0.202,0.012696298673235441
Ant-v5,SAC,DDPG,Welch t-test,0.05,1.0,5,0.152,0.011353237423748346
Ant-v5,SAC,DDPG,Mann-Whitney,0.05,1.0,5,0.399,0.015485444778888335
Ant-v5,SAC,DDPG,Ranked t-test,0.05,1.0,5,0.542,0.015755506973753653
Ant-v5,SAC,DDPG,bootstrap,0.05,1.0,5,0.539,0.015763216676808068
Ant-v5,SAC,DDPG,permutation,0.05,1.0,5,0.245,0.013600551459407815
Ant-v5,SAC,DDPG,t-test,0.05,1.0,10,0.606,0.015451990163082553
Ant-v5,SAC,DDPG,Welch t-test,0.05,1.0,10,0.58,0.015607690412101338
Ant-v5,SAC,DDPG,Mann-Whitney,0.05,1.0,10,0.848,0.011353237423748348
Ant-v5,SAC,DDPG,Ranked t-test,0.05,1.0,10,0.873,0.010529529904036551
Ant-v5,SAC,DDPG,bootstrap,0.05,1.0,10,0.778,0.013142145943490354
Ant-v5,SAC,DDPG,permutation,0.05,1.0,10,0.657,0.015011695440555674
Ant-v5,SAC,DDPG,t-test,0.05,1.0,20,0.939,0.007568289106528638
Ant-v5,SAC,DDPG,Welch t-test,0.05,1.0,20,0.948,0.007021111023192843
Ant-v5,SAC,DDPG,Mann-Whitney,0.05,1.0,20,0.994,0.002442130217658347
Ant-v5,SAC,DDPG,Ranked t-test,0.05,1.0,20,0.988,0.003443254274665176
Ant-v5,SAC,DDPG,bootstrap,0.05,1.0,20,0.962,0.006046155803483734
Ant-v5,SAC,DDPG,permutation,0.05,1.0,20,0.932,0.00796090447122687
Ant-v5,SAC,DDPG,t-test,0.05,1.0,30,0.995,0.002230470802319547
Ant-v5,SAC,DDPG,Welch t-test,0.05,1.0,30,0.995,0.002230470802319547
Ant-v5,SAC,DDPG,Mann-Whitney,0.05,1.0,30,1.0,0.0
Ant-v5,SAC,DDPG,Ranked t-test,0.05,1.0,30,1.0,0.0
Ant-v5,SAC,DDPG,bootstrap,0.05,1.0,30,0.994,0.002442130217658347
Ant-v5,SAC,DDPG,permutation,0.05,1.0,30,0.993,0.002636474919281427
Ant-v5,SAC,DDPG,t-test,0.05,2.0,2,0.23,0.013307892395116516
Ant-v5,SAC,DDPG,Welch t-test,0.05,2.0,2,0.12,0.010276186062932104
Ant-v5,SAC,DDPG,Mann-Whitney,0.05,2.0,2,0.0,0.0
Ant-v5,SAC,DDPG,Ranked t-test,0.05,2.0,2,0.0,0.0
Ant-v5,SAC,DDPG,bootstrap,0.05,2.0,2,0.938,0.00762600813007697
Ant-v5,SAC,DDPG,permutation,0.05,2.0,2,0.938,0.00762600813007697
Ant-v5,SAC,DDPG,t-test,0.05,2.0,3,0.508,0.015809364313595912
Ant-v5,SAC,DDPG,Welch t-test,0.05,2.0,3,0.345,0.015032464867745409
Ant-v5,SAC,DDPG,Mann-Whitney,0.05,2.0,3,0.0,0.0
Ant-v5,SAC,DDPG,Ranked t-test,0.05,2.0,3,0.862,0.01090669519148674
Ant-v5,SAC,DDPG,bootstrap,0.05,2.0,3,0.954,0.006624499981130654
Ant-v5,SAC,DDPG,permutation,0.05,2.0,3,0.863,0.010873407929439602
Ant-v5,SAC,DDPG,t-test,0.05,2.0,5,0.919,0.008627803892068941
Ant-v5,SAC,DDPG,Welch t-test,0.05,2.0,5,0.873,0.010529529904036551
Ant-v5,SAC,DDPG,Mann-Whitney,0.05,2.0,5,0.879,0.010313049985334114
Ant-v5,SAC,DDPG,Ranked t-test,0.05,2.0,5,0.929,0.008121514637061239
Ant-v5,SAC,DDPG,bootstrap,0.05,2.0,5,0.984,0.00396787096564392
Ant-v5,SAC,DDPG,permutation,0.05,2.0,5,0.946,0.0071473071852271785
Ant-v5,SAC,DDPG,t-test,0.05,2.0,10,1.0,0.0
Ant-v5,SAC,DDPG,Welch t-test,0.05,2.0,10,1.0,0.0
Ant-v5,SAC,DDPG,Mann-Whitney,0.05,2.0,10,0.999,0.0009994998749374613
Ant-v5,SAC,DDPG,Ranked t-test,0.05,2.0,10,1.0,0.0
Ant-v5,SAC,DDPG,bootstrap,0.05,2.0,10,1.0,0.0
Ant-v5,SAC,DDPG,permutation,0.05,2.0,10,1.0,0.0
Ant-v5,SAC,DDPG,t-test,0.05,2.0,20,1.0,0.0
Ant-v5,SAC,DDPG,Welch t-test,0.05,2.0,20,1.0,0.0
Ant-v5,SAC,DDPG,Mann-Whitney,0.05,2.0,20,1.0,0.0
Ant-v5,SAC,DDPG,Ranked t-test,0.05,2.0,20,1.0,0.0
Ant-v5,SAC,DDPG,bootstrap,0.05,2.0,20,1.0,0.0
Ant-v5,SAC,DDPG,permutation,0.05,2.0,20,1.0,0.0
Ant-v5,SAC,DDPG,t-test,0.05,2.0,30,1.0,0.0
Ant-v5,SAC,DDPG,Welch t-test,0.05,2.0,30,1.0,0.0
Ant-v5,SAC,DDPG,Mann-Whitney,0.05,2.0,30,1.0,0.0
Ant-v5,SAC,DDPG,Ranked t-test,0.05,2.0,30,1.0,0.0
Ant-v5,SAC,DDPG,bootstrap,0.05,2.0,30,1.0,0.0
Ant-v5,SAC,DDPG,permutation,0.05,2.0,30,1.0,0.0
Ant-v5,SAC,DDPG,t-test,0.01,0.5,2,0.024,0.004839834707921336
Ant-v5,SAC,DDPG,Welch t-test,0.01,0.5,2,0.002,0.0014127986409959489
Ant-v5,SAC,DDPG,Mann-Whitney,0.01,0.5,2,0.0,0.0
Ant-v5,SAC,DDPG,Ranked t-test,0.01,0.5,2,0.0,0.0
Ant-v5,SAC,DDPG,bootstrap,0.01,0.5,2,0.395,0.015458816254810716
Ant-v5,SAC,DDPG,permutation,0.01,0.5,2,0.4,0.015491933384829668
Ant-v5,SAC,DDPG,t-test,0.01,0.5,3,0.02,0.004427188724235731
Ant-v5,SAC,DDPG,Welch t-test,0.01,0.5,3,0.011,0.003298332912245215
Ant-v5,SAC,DDPG,Mann-Whitney,0.01,0.5,3,0.0,0.0
Ant-v5,SAC,DDPG,Ranked t-test,0.01,0.5,3,0.0,0.0
Ant-v5,SAC,DDPG,bootstrap,0.01,0.5,3,0.142,0.011037934589405754
Ant-v5,SAC,DDPG,permutation,0.01,0.5,3,0.13,0.010634848376916336
Ant-v5,SAC,DDPG,t-test,0.01,0.5,5,0.019,0.004317290817167636
Ant-v5,SAC,DDPG,Welch t-test,0.01,0.5,5,0.01,0.003146426544510455
Ant-v5,SAC,DDPG,Mann-Whitney,0.01,0.5,5,0.047,0.006692607862410586
Ant-v5,SAC,DDPG,Ranked t-test,0.01,0.5,5,0.09,0.009049861877399014
Ant-v5,SAC,DDPG,bootstrap,0.01,0.5,5,0.076,0.008379976133617566
Ant-v5,SAC,DDPG,permutation,0.01,0.5,5,0.021,0.004534203347888138
Ant-v5,SAC,DDPG,t-test,0.01,0.5,10,0.013,0.003582038525755969
Ant-v5,SAC,DDPG,Welch t-test,0.01,0.5,10,0.015,0.003843826218756514
Ant-v5,SAC,DDPG,Mann-Whitney,0.01,0.5,10,0.219,0.013078187947877183
Ant-v5,SAC,DDPG,Ranked t-test,0.01,0.5,10,0.238,0.01346684818359515
Ant-v5,SAC,DDPG,bootstrap,0.01,0.5,10,0.094,0.009228434320078352
Ant-v5,SAC,DDPG,permutation,0.01,0.5,10,0.019,0.004317290817167636
Ant-v5,SAC,DDPG,t-test,0.01,0.5,20,0.071,0.008121514637061242
Ant-v5,SAC,DDPG,Welch t-test,0.01,0.5,20,0.08,0.008579044235810887
Ant-v5,SAC,DDPG,Mann-Whitney,0.01,0.5,20,0.543,0.015752809273269323
Ant-v5,SAC,DDPG,Ranked t-test,0.01,0.5,20,0.616,0.015379986996093333
Ant-v5,SAC,DDPG,bootstrap,0.01,0.5,20,0.186,0.012304633273690036
Ant-v5,SAC,DDPG,permutation,0.01,0.5,20,0.092,0.00913980306133562
Ant-v5,SAC,DDPG,t-test,0.01,0.5,30,0.195,0.012528966437819204
Ant-v5,SAC,DDPG,Welch t-test,0.01,0.5,30,0.2,0.01264911064067352
Ant-v5,SAC,DDPG,Mann-Whitney,0.01,0.5,30,0.792,0.012834952278836098
Ant-v5,SAC,DDPG,Ranked t-test,0.01,0.5,30,0.809,0.012430567163247216
Ant-v5,SAC,DDPG,bootstrap,0.01,0.5,30,0.312,0.014651143300097777
Ant-v5,SAC,DDPG,permutation,0.01,0.5,30,0.192,0.012455360291858283
Ant-v5,SAC,DDPG,t-test,0.01,1.0,2,0.023,0.004740358636221525
Ant-v5,SAC,DDPG,Welch t-test,0.01,1.0,2,0.006,0.002442130217658346
Ant-v5,SAC,DDPG,Mann-Whitney,0.01,1.0,2,0.0,0.0
Ant-v5,SAC,DDPG,Ranked t-test,0.01,1.0,2,0.0,0.0
Ant-v5,SAC,DDPG,bootstrap,0.01,1.0,2,0.504,0.01581088232832058
Ant-v5,SAC,DDPG,permutation,0.01,1.0,2,0.51,0.0158082257068907
Ant-v5,SAC,DDPG,t-test,0.01,1.0,3,0.011,0.003298332912245215
Ant-v5,SAC,DDPG,Welch t-test,0.01,1.0,3,0.008,0.0028170906978654416
Ant-v5,SAC,DDPG,Mann-Whitney,0.01,1.0,3,0.0,0.0
Ant-v5,SAC,DDPG,Ranked t-test,0.01,1.0,3,0.0,0.0
Ant-v5,SAC,DDPG,bootstrap,0.01,1.0,3,0.322,0.014775520295407536
Ant-v5,SAC,DDPG,permutation,0.01,1.0,3,0.244,0.013581752464244074
Ant-v5,SAC,DDPG,t-test,0.01,1.0,5,0.029,0.005306505441436953
Ant-v5,SAC,DDPG,Welch t-test,0.01,1.0,5,0.011,0.003298332912245215
Ant-v5,SAC,DDPG,Mann-Whitney,0.01,1.0,5,0.137,0.010873407929439602
Ant-v5,SAC,DDPG,Ranked t-test,0.01,1.0,5,0.305,0.014559361249725209
Ant-v5,SAC,DDPG,bootstrap,0.01,1.0,5,0.354,0.015122301412152848
Ant-v5,SAC,DDPG,permutation,0.01,1.0,5,0.088,0.008958571314668427
Ant-v5,SAC,DDPG,t-test,0.01,1.0,10,0.228,0.013267102170406317
Ant-v5,SAC,DDPG,Welch t-test,0.01,1.0,10,0.188,0.012355403676124872
Ant-v5,SAC,DDPG,Mann-Whitney,0.01,1.0,10,0.596,0.015517216245190372
Ant-v5,SAC,DDPG,Ranked t-test,0.01,1.0,10,0.66,0.014979986648859203
Ant-v5,SAC,DDPG,bootstrap,0.01,1.0,10,0.615,0.015387494922826133
Ant-v5,SAC,DDPG,permutation,0.01,1.0,10,0.303,0.014532412050310162
Ant-v5,SAC,DDPG,t-test,0.01,1.0,20,0.753,0.013637851736985557
Ant-v5,SAC,DDPG,Welch t-test,0.01,1.0,20,0.745,0.013783141876945184
Ant-v5,SAC,DDPG,Mann-Whitney,0.01,1.0,20,0.96,0.00619677335393187
Ant-v5,SAC,DDPG,Ranked t-test,0.01,1.0,20,0.968,0.005565608681896351
Ant-v5,SAC,DDPG,bootstrap,0.01,1.0,20,0.888,0.00997276290703835
Ant-v5,SAC,DDPG,permutation,0.01,1.0,20,0.803,0.012577400367325513
Ant-v5,SAC,DDPG,t-test,0.01,1.0,30,0.957,0.006414904519944161
Ant-v5,SAC,DDPG,Welch t-test,0.01,1.0,30,0.952,0.006759881655768837
Ant-v5,SAC,DDPG,Mann-Whitney,0.01,1.0,30,0.998,0.0014127986409959495
Ant-v5,SAC,DDPG,Ranked t-test,0.01,1.0,30,0.998,0.0014127986409959495
Ant-v5,SAC,DDPG,bootstrap,0.01,1.0,30,0.978,0.004638534251247911
Ant-v5,SAC,DDPG,permutation,0.01,1.0,30,0.975,0.004937104414532877
Ant-v5,SAC,DDPG,t-test,0.01,2.0,2,0.074,0.00827792244467173
Ant-v5,SAC,DDPG,Welch t-test,0.01,2.0,2,0.019,0.004317290817167636
Ant-v5,SAC,DDPG,Mann-Whitney,0.01,2.0,2,0.0,0.0
Ant-v5,SAC,DDPG,Ranked t-test,0.01,2.0,2,0.0,0.0
Ant-v5,SAC,DDPG,bootstrap,0.01,2.0,2,0.945,0.007209368904418752
Ant-v5,SAC,DDPG,permutation,0.01,2.0,2,0.95,0.006892024376045114
Ant-v5,SAC,DDPG,t-test,0.01,2.0,3,0.161,0.011622349160131096
Ant-v5,SAC,DDPG,Welch t-test,0.01,2.0,3,0.083,0.008724161850859944
Ant-v5,SAC,DDPG,Mann-Whitney,0.01,2.0,3,0.0,0.0
Ant-v5,SAC,DDPG,Ranked t-test,0.01,2.0,3,0.003,0.001729450779872038
Ant-v5,SAC,DDPG,bootstrap,0.01,2.0,3,0.914,0.008865889690267975
Ant-v5,SAC,DDPG,permutation,0.01,2.0,3,0.792,0.012834952278836098
Ant-v5,SAC,DDPG,t-test,0.01,2.0,5,0.571,0.015651166090742248
Ant-v5,SAC,DDPG,Welch t-test,0.01,2.0,5,0.42,0.015607690412101338
Ant-v5,SAC,DDPG,Mann-Whitney,0.01,2.0,5,0.5,0.015811388300841896
Ant-v5,SAC,DDPG,Ranked t-test,0.01,2.0,5,0.814,0.012304633273690038
Ant-v5,SAC,DDPG,bootstrap,0.01,2.0,5,0.946,0.0071473071852271785
Ant-v5,SAC,DDPG,permutation,0.01,2.0,5,0.847,0.011383804285035824
Ant-v5,SAC,DDPG,t-test,0.01,2.0,10,0.991,0.0029864694875387575
Ant-v5,SAC,DDPG,Welch t-test,0.01,2.0,10,0.983,0.004087909000944127
Ant-v5,SAC,DDPG,Mann-Whitney,0.01,2.0,10,0.984,0.00396787096564392
Ant-v5,SAC,DDPG,Ranked t-test,0.01,2.0,10,0.994,0.002442130217658347
Ant-v5,SAC,DDPG,bootstrap,0.01,2.0,10,0.998,0.0014127986409959495
Ant-v5,SAC,DDPG,permutation,0.01,2.0,10,0.998,0.0014127986409959495
Ant-v5,SAC,DDPG,t-test,0.01,2.0,20,1.0,0.0
Ant-v5,SAC,DDPG,Welch t-test,0.01,2.0,20,1.0,0.0
Ant-v5,SAC,DDPG,Mann-Whitney,0.01,2.0,20,1.0,0.0
Ant-v5,SAC,DDPG,Ranked t-test,0.01,2.0,20,1.0,0.0
Ant-v5,SAC,DDPG,bootstrap,0.01,2.0,20,1.0,0.0
Ant-v5,SAC,DDPG,permutation,0.01,2.0,20,1.0,0.0
Ant-v5,SAC,DDPG,t-test,0.01,2.0,30,1.0,0.0
Ant-v5,SAC,DDPG,Welch t-test,0.01,2.0,30,1.0,0.0
Ant-v5,SAC,DDPG,Mann-Whitney,0.01,2.0,30,1.0,0.0
Ant-v5,SAC,DDPG,Ranked t-test,0.01,2.0,30,1.0,0.0
Ant-v5,SAC,DDPG,bootstrap,0.01,2.0,30,1.0,0.0
Ant-v5,SAC,DDPG,permutation,0.01,2.0,30,1.0,0.0
Ant-v5,SAC,PPO,t-test,0.05,0.5,2,0.047,0.006692607862410586
Ant-v5,SAC,PPO,Welch t-test,0.05,0.5,2,0.027,0.00512552436341883
Ant-v5,SAC,PPO,Mann-Whitney,0.05,0.5,2,0.0,0.0
Ant-v5,SAC,PPO,Ranked t-test,0.05,0.5,2,0.0,0.0
Ant-v5,SAC,PPO,bootstrap,0.05,0.5,2,0.364,0.015215255502291114
Ant-v5,SAC,PPO,permutation,0.05,0.5,2,0.366,0.01523299051401267
Ant-v5,SAC,PPO,t-test,0.05,0.5,3,0.045,0.0065555320150236475
Ant-v5,SAC,PPO,Welch t-test,0.05,0.5,3,0.035,0.005811626278418116
Ant-v5,SAC,PPO,Mann-Whitney,0.05,0.5,3,0.0,0.0
Ant-v5,SAC,PPO,Ranked t-test,0.05,0.5,3,0.169,0.011850696182081457
Ant-v5,SAC,PPO,bootstrap,0.05,0.5,3,0.246,0.013619251080731275
Ant-v5,SAC,PPO,permutation,0.05,0.5,3,0.109,0.00985489725973843
Ant-v5,SAC,PPO,t-test,0.05,0.5,5,0.053,0.00708456067798138
Ant-v5,SAC,PPO,Welch t-test,0.05,0.5,5,0.047,0.006692607862410586
Ant-v5,SAC,PPO,Mann-Whitney,0.05,0.5,5,0.13,0.010634848376916336
Ant-v5,SAC,PPO,Ranked t-test,0.05,0.5,5,0.2,0.01264911064067352
Ant-v5,SAC,PPO,bootstrap,0.05,0.5,5,0.188,0.012355403676124872
Ant-v5,SAC,PPO,permutation,0.05,0.5,5,0.078,0.008480330182251162
Ant-v5,SAC,PPO,t-test,0.05,0.5,10,0.131,0.010669536072388528
Ant-v5,SAC,PPO,Welch t-test,0.05,0.5,10,0.131,0.010669536072388528
Ant-v5,SAC,PPO,Mann-Whitney,0.05,0.5,10,0.347,0.01505293991218991
Ant-v5,SAC,PPO,Ranked t-test,0.05,0.5,10,0.403,0.01551099609954177
Ant-v5,SAC,PPO,bootstrap,0.05,0.5,10,0.235,0.013408019988051927
Ant-v5,SAC,PPO,permutation,0.05,0.5,10,0.137,0.010873407929439602
Ant-v5,SAC,PPO,t-test,0.05,0.5,20,0.309,0.014612289348353324
Ant-v5,SAC,PPO,Welch t-test,0.05,0.5,20,0.33,0.014869431730903503
Ant-v5,SAC,PPO,Mann-Whitney,0.05,0.5,20,0.696,0.014545927265045704
Ant-v5,SAC,PPO,Ranked t-test,0.05,0.5,20,0.695,0.014559361249725209
Ant-v5,SAC,PPO,bootstrap,0.05,0.5,20,0.413,0.0155701958882989
Ant-v5,SAC,PPO,permutation,0.05,0.5,20,0.318,0.014726710426975875
Ant-v5,SAC,PPO,t-test,0.05,0.5,30,0.446,0.01571890581433708
Ant-v5,SAC,PPO,Welch t-test,0.05,0.5,30,0.466,0.01577479001445027
Ant-v5,SAC,PPO,Mann-Whitney,0.05,0.5,30,0.846,0.011414201680362933
Ant-v5,SAC,PPO,Ranked t-test,0.05,0.5,30,0.868,0.010704017937204702
Ant-v5,SAC,PPO,bootstrap,0.05,0.5,30,0.546,0.015744332313566048
Ant-v5,SAC,PPO,permutation,0.05,0.5,30,0.474,0.01578999683343857
Ant-v5,SAC,PPO,t-test,0.05,1.0,2,0.079,0.008529888627643388
Ant-v5,SAC,PPO,Welch t-test,0.05,1.0,2,0.039,0.006122009474020765
Ant-v5,SAC,PPO,Mann-Whitney,0.05,1.0,2,0.0,0.0
Ant-v5,SAC,PPO,Ranked t-test,0.05,1.0,2,0.0,0.0
Ant-v5,SAC,PPO,bootstrap,0.05,1.0,2,0.463,0.015768037290671277
Ant-v5,SAC,PPO,permutation,0.05,1.0,2,0.481,0.01579996835439869
Ant-v5,SAC,PPO,t-test,0.05,1.0,3,0.113,0.01001154333756789
Ant-v5,SAC,PPO,Welch t-test,0.05,1.0,3,0.07,0.008068457101577725
Ant-v5,SAC,PPO,Mann-Whitney,0.05,1.0,3,0.0,0.0
Ant-v5,SAC,PPO,Ranked t-test,0.05,1.0,3,0.368,0.015250442616527561
Ant-v5,SAC,PPO,bootstrap,0.05,1.0,3,0.434,0.015673034167001616
Ant-v5,SAC,PPO,permutation,0.05,1.0,3,0.242,0.013543854695026818
Ant-v5,SAC,PPO,t-test,0.05,1.0,5,0.185,0.012279047194306243
Ant-v5,SAC,PPO,Welch t-test,0.05,1.0,5,0.179,0.01212266472356635
Ant-v5,SAC,PPO,Mann-Whitney,0.05,1.0,5,0.385,0.015387494922826133
Ant-v5,SAC,PPO,Ranked t-test,0.05,1.0,5,0.489,0.015807561481771943
Ant-v5,SAC,PPO,bootstrap,0.05,1.0,5,0.518,0.01580113919943749
Ant-v5,SAC,PPO,permutation,0.05,1.0,5,0.267,0.013989674763910703
Ant-v5,SAC,PPO,t-test,0.05,1.0,10,0.585,0.015581238718407468
Ant-v5,SAC,PPO,Welch t-test,0.05,1.0,10,0.568,0.01566448211719749
Ant-v5,SAC,PPO,Mann-Whitney,0.05,1.0,10,0.792,0.012834952278836098
Ant-v5,SAC,PPO,Ranked t-test,0.05,1.0,10,0.831,0.011850696182081458
Ant-v5,SAC,PPO,bootstrap,0.05,1.0,10,0.749,0.013711272734505722
Ant-v5,SAC,PPO,permutation,0.05,1.0,10,0.593,0.015535475531827148
Ant-v5,SAC,PPO,t-test,0.05,1.0,20,0.935,0.0077958322198467015
Ant-v5,SAC,PPO,Welch t-test,0.05,1.0,20,0.924,0.008379976133617564
Ant-v5,SAC,PPO,Mann-Whitney,0.05,1.0,20,0.983,0.004087909000944127
Ant-v5,SAC,PPO,Ranked t-test,0.05,1.0,20,0.992,0.0028170906978654425
Ant-v5,SAC,PPO,bootstrap,0.05,1.0,20,0.954,0.006624499981130654
Ant-v5,SAC,PPO,permutation,0.05,1.0,20,0.941,0.007451107300260817
Ant-v5,SAC,PPO,t-test,0.05,1.0,30,0.985,0.0038438262187565153
Ant-v5,SAC,PPO,Welch t-test,0.05,1.0,30,0.992,0.0028170906978654425
Ant-v5,SAC,PPO,Mann-Whitney,0.05,1.0,30,0.997,0.0017294507798720387
Ant-v5,SAC,PPO,Ranked t-test,0.05,1.0,30,0.997,0.0017294507798720387
Ant-v5,SAC,PPO,bootstrap,0.05,1.0,30,0.99,0.003146426544510456
Ant-v5,SAC,PPO,permutation,0.05,1.0,30,0.992,0.0028170906978654425
Ant-v5,SAC,PPO,t-test,0.05,2.0,2,0.217,0.013034991369387246
Ant-v5,SAC,PPO,Welch t-test,0.05,2.0,2,0.108,0.009815090422405696
Ant-v5,SAC,PPO,Mann-Whitney,0.05,2.0,2,0.0,0.0
Ant-v5,SAC,PPO,Ranked t-test,0.05,2.0,2,0.001,0.0009994998749374609
Ant-v5,SAC,PPO,bootstrap,0.05,2.0,2,0.892,0.009815090422405694
Ant-v5,SAC,PPO,permutation,0.05,2.0,2,0.879,0.010313049985334114
Ant-v5,SAC,PPO,t-test,0.05,2.0,3,0.454,0.015744332313566048
Ant-v5,SAC,PPO,Welch t-test,0.05,2.0,3,0.335,0.014925649064613574
Ant-v5,SAC,PPO,Mann-Whitney,0.05,2.0,3,0.0,0.0
Ant-v5,SAC,PPO,Ranked t-test,0.05,2.0,3,0.809,0.012430567163247216
Ant-v5,SAC,PPO,bootstrap,0.05,2.0,3,0.931,0.008014923580421711
Ant-v5,SAC,PPO,permutation,0.05,2.0,3,0.772,0.013267102170406315
Ant-v5,SAC,PPO,t-test,0.05,2.0,5,0.906,0.009228434320078352
Ant-v5,SAC,PPO,Welch t-test,0.05,2.0,5,0.843,0.01150439046625244
Ant-v5,SAC,PPO,Mann-Whitney,0.05,2.0,5,0.915,0.008819013550278736
Ant-v5,SAC,PPO,Ranked t-test,0.05,2.0,5,0.963,0.005969170796685251
Ant-v5,SAC,PPO,bootstrap,0.05,2.0,5,0.991,0.0029864694875387575
Ant-v5,SAC,PPO,permutation,0.05,2.0,5,0.946,0.0071473071852271785
Ant-v5,SAC,PPO,t-test,0.05,2.0,10,1.0,0.0
Ant-v5,SAC,PPO,Welch t-test,0.05,2.0,10,1.0,0.0
Ant-v5,SAC,PPO,Mann-Whitney,0.05,2.0,10,1.0,0.0
Ant-v5,SAC,PPO,Ranked t-test,0.05,2.0,10,1.0,0.0
Ant-v5,SAC,PPO,bootstrap,0.05,2.0,10,1.0,0.0
Ant-v5,SAC,PPO,permutation,0.05,2.0,10,1.0,0.0
Ant-v5,SAC,PPO,t-test,0.05,2.0,20,1.0,0.0
Ant-v5,SAC,PPO,Welch t-test,0.05,2.0,20,1.0,0.0
Ant-v5,SAC,PPO,Mann-Whitney,0.05,2.0,20,1.0,0.0
Ant-v5,SAC,PPO,Ranked t-test,0.05,2.0,20,1.0,0.0
Ant-v5,SAC,PPO,bootstrap,0.05,2.0,20,1.0,0.0
Ant-v5,SAC,PPO,permutation,0.05,2.0,20,1.0,0.0
Ant-v5,SAC,PPO,t-test,0.05,2.0,30,1.0,0.0
Ant-v5,SAC,PPO,Welch t-test,0.05,2.0,30,1.0,0.0
Ant-v5,SAC,PPO,Mann-Whitney,0.05,2.0,30,1.0,0.0
Ant-v5,SAC,PPO,Ranked t-test,0.05,2.0,30,1.0,0.0
Ant-v5,SAC,PPO,bootstrap,0.05,2.0,30,1.0,0.0
Ant-v5,SAC,PPO,permutation,0.05,2.0,30,1.0,0.0
Ant-v5,SAC,PPO,t-test,0.01,0.5,2,0.01,0.003146426544510455
Ant-v5,SAC,PPO,Welch t-test,0.01,0.5,2,0.007,0.0026364749192814255
Ant-v5,SAC,PPO,Mann-Whitney,0.01,0.5,2,0.0,0.0
Ant-v5,SAC,PPO,Ranked t-test,0.01,0.5,2,0.0,0.0
Ant-v5,SAC,PPO,bootstrap,0.01,0.5,2,0.377,0.01532550162311172
Ant-v5,SAC,PPO,permutation,0.01,0.5,2,0.38,0.015349267083479915
Ant-v5,SAC,PPO,t-test,0.01,0.5,3,0.01,0.003146426544510455
Ant-v5,SAC,PPO,Welch t-test,0.01,0.5,3,0.006,0.002442130217658346
Ant-v5,SAC,PPO,Mann-Whitney,0.01,0.5,3,0.0,0.0
Ant-v5,SAC,PPO,Ranked t-test,0.01,0.5,3,0.001,0.0009994998749374609
Ant-v5,SAC,PPO,bootstrap,0.01,0.5,3,0.129,0.010599952830083727
Ant-v5,SAC,PPO,permutation,0.01,0.5,3,0.104,0.009653186002558949
Ant-v5,SAC,PPO,t-test,0.01,0.5,5,0.011,0.003298332912245215
Ant-v5,SAC,PPO,Welch t-test,0.01,0.5,5,0.004,0.001995995991979944
Ant-v5,SAC,PPO,Mann-Whitney,0.01,0.5,5,0.027,0.00512552436341883
Ant-v5,SAC,PPO,Ranked t-test,0.01,0.5,5,0.076,0.008379976133617566
Ant-v5,SAC,PPO,bootstrap,0.01,0.5,5,0.088,0.008958571314668427
Ant-v5,SAC,PPO,permutation,0.01,0.5,5,0.021,0.004534203347888138
Ant-v5,SAC,PPO,t-test,0.01,0.5,10,0.032,0.005565608681896348
Ant-v5,SAC,PPO,Welch t-test,0.01,0.5,10,0.019,0.004317290817167636
Ant-v5,SAC,PPO,Mann-Whitney,0.01,0.5,10,0.117,0.010164201887015036
Ant-v5,SAC,PPO,Ranked t-test,0.01,0.5,10,0.169,0.011850696182081457
Ant-v5,SAC,PPO,bootstrap,0.01,0.5,10,0.103,0.009612023720320296
Ant-v5,SAC,PPO,permutation,0.01,0.5,10,0.03,0.005394441583704471
Ant-v5,SAC,PPO,t-test,0.01,0.5,20,0.087,0.00891240708226459
Ant-v5,SAC,PPO,Welch t-test,0.01,0.5,20,0.084,0.008771772910877254
Ant-v5,SAC,PPO,Mann-Whitney,0.01,0.5,20,0.429,0.015651166090742248
Ant-v5,SAC,PPO,Ranked t-test,0.01,0.5,20,0.473,0.01578831846651188
Ant-v5,SAC,PPO,bootstrap,0.01,0.5,20,0.197,0.012577400367325514
Ant-v5,SAC,PPO,permutation,0.01,0.5,20,0.097,0.00935900635751467
Ant-v5,SAC,PPO,t-test,0.01,0.5,30,0.19,0.012405643876881199
Ant-v5,SAC,PPO,Welch t-test,0.01,0.5,30,0.175,0.012015614840697915
Ant-v5,SAC,PPO,Mann-Whitney,0.01,0.5,30,0.646,0.015122301412152848
Ant-v5,SAC,PPO,Ranked t-test,0.01,0.5,30,0.664,0.014936666294725875
Ant-v5,SAC,PPO,bootstrap,0.01,0.5,30,0.3,0.014491376746189439
Ant-v5,SAC,PPO,permutation,0.01,0.5,30,0.211,0.012902674141432851
Ant-v5,SAC,PPO,t-test,0.01,1.0,2,0.028,0.005216895628628198
Ant-v5,SAC,PPO,Welch t-test,0.01,1.0,2,0.006,0.002442130217658346
Ant-v5,SAC,PPO,Mann-Whitney,0.01,1.0,2,0.0,0.0
Ant-v5,SAC,PPO,Ranked t-test,0.01,1.0,2,0.0,0.0
Ant-v5,SAC,PPO,bootstrap,0.01,1.0,2,0.462,0.01576565888252058
Ant-v5,SAC,PPO,permutation,0.01,1.0,2,0.469,0.01578096955196353
Ant-v5,SAC,PPO,t-test,0.01,1.0,3,0.014,0.003715373467095872
Ant-v5,SAC,PPO,Welch t-test,0.01,1.0,3,0.013,0.003582038525755969
Ant-v5,SAC,PPO,Mann-Whitney,0.01,1.0,3,0.0,0.0
Ant-v5,SAC,PPO,Ranked t-test,0.01,1.0,3,0.0,0.0
Ant-v5,SAC,PPO,bootstrap,0.01,1.0,3,0.29,0.01434921600645833
Ant-v5,SAC,PPO,permutation,0.01,1.0,3,0.221,0.013120937466507492
Ant-v5,SAC,PPO,t-test,0.01,1.0,5,0.037,0.005969170796685248
Ant-v5,SAC,PPO,Welch t-test,0.01,1.0,5,0.019,0.004317290817167636
Ant-v5,SAC,PPO,Mann-Whitney,0.01,1.0,5,0.091,0.009094998625618368
Ant-v5,SAC,PPO,Ranked t-test,0.01,1.0,5,0.235,0.013408019988051927
Ant-v5,SAC,PPO,bootstrap,0.01,1.0,5,0.307,0.01458598642533305
Ant-v5,SAC,PPO,permutation,0.01,1.0,5,0.096,0.009315793041926168
Ant-v5,SAC,PPO,t-test,0.01,1.0,10,0.218,0.0130566458173606
Ant-v5,SAC,PPO,Welch t-test,0.01,1.0,10,0.211,0.012902674141432851
Ant-v5,SAC,PPO,Mann-Whitney,0.01,1.0,10,0.473,0.01578831846651188
Ant-v5,SAC,PPO,Ranked t-test,0.01,1.0,10,0.579,0.015612783224012303
Ant-v5,SAC,PPO,bootstrap,0.01,1.0,10,0.522,0.015796075461962062
Ant-v5,SAC,PPO,permutation,0.01,1.0,10,0.28,0.014198591479439079
Ant-v5,SAC,PPO,t-test,0.01,1.0,20,0.724,0.014135911714495106
Ant-v5,SAC,PPO,Welch t-test,0.01,1.0,20,0.709,0.014363808687113596
Ant-v5,SAC,PPO,Mann-Whitney,0.01,1.0,20,0.921,0.008529888627643386
Ant-v5,SAC,PPO,Ranked t-test,0.01,1.0,20,0.942,0.007391616873188169
Ant-v5,SAC,PPO,bootstrap,0.01,1.0,20,0.884,0.010126401137620413
Ant-v5,SAC,PPO,permutation,0.01,1.0,20,0.739,0.013888088421377507
Ant-v5,SAC,PPO,t-test,0.01,1.0,30,0.946,0.0071473071852271785
Ant-v5,SAC,PPO,Welch t-test,0.01,1.0,30,0.938,0.00762600813007697
Ant-v5,SAC,PPO,Mann-Whitney,0.01,1.0,30,0.994,0.002442130217658347
Ant-v5,SAC,PPO,Ranked t-test,0.01,1.0,30,0.999,0.0009994998749374613
Ant-v5,SAC,PPO,bootstrap,0.01,1.0,30,0.965,0.005811626278418119
Ant-v5,SAC,PPO,permutation,0.01,1.0,30,0.942,0.007391616873188169
Ant-v5,SAC,PPO,t-test,0.01,2.0,2,0.055,0.00720936890441875
Ant-v5,SAC,PPO,Welch t-test,0.01,2.0,2,0.01,0.003146426544510455
Ant-v5,SAC,PPO,Mann-Whitney,0.01,2.0,2,0.0,0.0
Ant-v5,SAC,PPO,Ranked t-test,0.01,2.0,2,0.0,0.0
Ant-v5,SAC,PPO,bootstrap,0.01,2.0,2,0.875,0.010458250331675944
Ant-v5,SAC,PPO,permutation,0.01,2.0,2,0.876,0.010422283818818216
Ant-v5,SAC,PPO,t-test,0.01,2.0,3,0.113,0.01001154333756789
Ant-v5,SAC,PPO,Welch t-test,0.01,2.0,3,0.083,0.008724161850859944
Ant-v5,SAC,PPO,Mann-Whitney,0.01,2.0,3,0.0,0.0
Ant-v5,SAC,PPO,Ranked t-test,0.01,2.0,3,0.0,0.0
Ant-v5,SAC,PPO,bootstrap,0.01,2.0,3,0.855,0.011134406135937382
Ant-v5,SAC,PPO,permutation,0.01,2.0,3,0.717,0.014244683218660919
Ant-v5,SAC,PPO,t-test,0.01,2.0,5,0.499,0.015811356678033673
Ant-v5,SAC,PPO,Welch t-test,0.01,2.0,5,0.371,0.015276092432294327
Ant-v5,SAC,PPO,Mann-Whitney,0.01,2.0,5,0.483,0.01580224667571039
Ant-v5,SAC,PPO,Ranked t-test,0.01,2.0,5,0.812,0.01235540367612487
Ant-v5,SAC,PPO,bootstrap,0.01,2.0,5,0.966,0.005730968504537434
Ant-v5,SAC,PPO,permutation,0.01,2.0,5,0.674,0.01482309009619789
Ant-v5,SAC,PPO,t-test,0.01,2.0,10,0.99,0.003146426544510456
Ant-v5,SAC,PPO,Welch t-test,0.01,2.0,10,0.988,0.003443254274665176
Ant-v5,SAC,PPO,Mann-Whitney,0.01,2.0,10,0.993,0.002636474919281427
Ant-v5,SAC,PPO,Ranked t-test,0.01,2.0,10,1.0,0.0
Ant-v5,SAC,PPO,bootstrap,0.01,2.0,10,1.0,0.0
Ant-v5,SAC,PPO,permutation,0.01,2.0,10,1.0,0.0
Ant-v5,SAC,PPO,t-test,0.01,2.0,20,1.0,0.0
Ant-v5,SAC,PPO,Welch t-test,0.01,2.0,20,1.0,0.0
Ant-v5,SAC,PPO,Mann-Whitney,0.01,2.0,20,1.0,0.0
Ant-v5,SAC,PPO,Ranked t-test,0.01,2.0,20,1.0,0.0
Ant-v5,SAC,PPO,bootstrap,0.01,2.0,20,1.0,0.0
Ant-v5,SAC,PPO,permutation,0.01,2.0,20,1.0,0.0
Ant-v5,SAC,PPO,t-test,0.01,2.0,30,1.0,0.0
Ant-v5,SAC,PPO,Welch t-test,0.01,2.0,30,1.0,0.0
Ant-v5,SAC,PPO,Mann-Whitney,0.01,2.0,30,1.0,0.0
Ant-v5,SAC,PPO,Ranked t-test,0.01,2.0,30,1.0,0.0
Ant-v5,SAC,PPO,bootstrap,0.01,2.0,30,1.0,0.0
Ant-v5,SAC,PPO,permutation,0.01,2.0,30,1.0,0.0
Ant-v5,TD3,DDPG,t-test,0.05,0.5,2,0.084,0.008771772910877254
Ant-v5,TD3,DDPG,Welch t-test,0.05,0.5,2,0.024,0.004839834707921336
Ant-v5,TD3,DDPG,Mann-Whitney,0.05,0.5,2,0.0,0.0
Ant-v5,TD3,DDPG,Ranked t-test,0.05,0.5,2,0.001,0.0009994998749374609
Ant-v5,TD3,DDPG,bootstrap,0.05,0.5,2,0.422,0.01561781034588396
Ant-v5,TD3,DDPG,permutation,0.05,0.5,2,0.451,0.01573527883451704
Ant-v5,TD3,DDPG,t-test,0.05,0.5,3,0.1,0.009486832980505138
Ant-v5,TD3,DDPG,Welch t-test,0.05,0.5,3,0.068,0.007960904471226871
Ant-v5,TD3,DDPG,Mann-Whitney,0.05,0.5,3,0.0,0.0
Ant-v5,TD3,DDPG,Ranked t-test,0.05,0.5,3,0.193,0.012480024038438387
Ant-v5,TD3,DDPG,bootstrap,0.05,0.5,3,0.31,0.014625320509308504
Ant-v5,TD3,DDPG,permutation,0.05,0.5,3,0.189,0.012380589646701001
Ant-v5,TD3,DDPG,t-test,0.05,0.5,5,0.148,0.011229247525992114
Ant-v5,TD3,DDPG,Welch t-test,0.05,0.5,5,0.112,0.00997276290703835
Ant-v5,TD3,DDPG,Mann-Whitney,0.05,0.5,5,0.082,0.008676174272108648
Ant-v5,TD3,DDPG,Ranked t-test,0.05,0.5,5,0.125,0.010458250331675944
Ant-v5,TD3,DDPG,bootstrap,0.05,0.5,5,0.28,0.014198591479439079
Ant-v5,TD3,DDPG,permutation,0.05,0.5,5,0.154,0.011414201680362931
Ant-v5,TD3,DDPG,t-test,0.05,0.5,10,0.204,0.01274299807737567
Ant-v5,TD3,DDPG,Welch t-test,0.05,0.5,10,0.201,0.012672766075328622
Ant-v5,TD3,DDPG,Mann-Whitney,0.05,0.5,10,0.189,0.012380589646701001
Ant-v5,TD3,DDPG,Ranked t-test,0.05,0.5,10,0.218,0.0130566458173606
Ant-v5,TD3,DDPG,bootstrap,0.05,0.5,10,0.291,0.014363808687113596
Ant-v5,TD3,DDPG,permutation,0.05,0.5,10,0.228,0.013267102170406317
Ant-v5,TD3,DDPG,t-test,0.05,0.5,20,0.341,0.01499063040702425
Ant-v5,TD3,DDPG,Welch t-test,0.05,0.5,20,0.345,0.015032464867745409
Ant-v5,TD3,DDPG,Mann-Whitney,0.05,0.5,20,0.387,0.015402305022301045
Ant-v5,TD3,DDPG,Ranked t-test,0.05,0.5,20,0.361,0.01518812035770062
Ant-v5,TD3,DDPG,bootstrap,0.05,0.5,20,0.416,0.01558666096378567
Ant-v5,TD3,DDPG,permutation,0.05,0.5,20,0.374,0.015301111070768685
Ant-v5,TD3,DDPG,t-test,0.05,0.5,30,0.471,0.01578477114183161
Ant-v5,TD3,DDPG,Welch t-test,0.05,0.5,30,0.482,0.01580113919943749
Ant-v5,TD3,DDPG,Mann-Whitney,0.05,0.5,30,0.56,0.015697133496278867
Ant-v5,TD3,DDPG,Ranked t-test,0.05,0.5,30,0.557,0.015708309902723462
Ant-v5,TD3,DDPG,bootstrap,0.05,0.5,30,0.505,0.01581059771166163
Ant-v5,TD3,DDPG,permutation,0.05,0.5,30,0.511,0.015807561481771943
Ant-v5,TD3,DDPG,t-test,0.05,1.0,2,0.141,0.011005407761641547
Ant-v5,TD3,DDPG,Welch t-test,0.05,1.0,2,0.059,0.007451107300260815
Ant-v5,TD3,DDPG,Mann-Whitney,0.05,1.0,2,0.0,0.0
Ant-v5,TD3,DDPG,Ranked t-test,0.05,1.0,2,0.0,0.0
Ant-v5,TD3,DDPG,bootstrap,0.05,1.0,2,0.593,0.015535475531827148
Ant-v5,TD3,DDPG,permutation,0.05,1.0,2,0.584,0.015586660963785668
Ant-v5,TD3,DDPG,t-test,0.05,1.0,3,0.24,0.013505554412907307
Ant-v5,TD3,DDPG,Welch t-test,0.05,1.0,3,0.155,0.011444430960078356
Ant-v5,TD3,DDPG,Mann-Whitney,0.05,1.0,3,0.0,0.0
Ant-v5,TD3,DDPG,Ranked t-test,0.05,1.0,3,0.271,0.014055568291606
Ant-v5,TD3,DDPG,bootstrap,0.05,1.0,3,0.504,0.01581088232832058
Ant-v5,TD3,DDPG,permutation,0.05,1.0,3,0.369,0.015259062880793171
Ant-v5,TD3,DDPG,t-test,0.05,1.0,5,0.351,0.015093011627902497
Ant-v5,TD3,DDPG,Welch t-test,0.05,1.0,5,0.327,0.014834790190629594
Ant-v5,TD3,DDPG,Mann-Whitney,0.05,1.0,5,0.183,0.012227469075814503
Ant-v5,TD3,DDPG,Ranked t-test,0.05,1.0,5,0.272,0.014071815803228808
Ant-v5,TD3,DDPG,bootstrap,0.05,1.0,5,0.516,0.015803290796539814
Ant-v5,TD3,DDPG,permutation,0.05,1.0,5,0.389,0.015416841440450765
Ant-v5,TD3,DDPG,t-test,0.05,1.0,10,0.594,0.015529455882290275
Ant-v5,TD3,DDPG,Welch t-test,0.05,1.0,10,0.578,0.015617810345883958
Ant-v5,TD3,DDPG,Mann-Whitney,0.05,1.0,10,0.443,0.015708309902723462
Ant-v5,TD3,DDPG,Ranked t-test,0.05,1.0,10,0.488,0.01580683396509244
Ant-v5,TD3,DDPG,bootstrap,0.05,1.0,10,0.675,0.014811313243598623
Ant-v5,TD3,DDPG,permutation,0.05,1.0,10,0.624,0.015317441039547044
Ant-v5,TD3,DDPG,t-test,0.05,1.0,20,0.89,0.009894442884771228
Ant-v5,TD3,DDPG,Welch t-test,0.05,1.0,20,0.872,0.010564847372300274
Ant-v5,TD3,DDPG,Mann-Whitney,0.05,1.0,20,0.774,0.013225883713385657
Ant-v5,TD3,DDPG,Ranked t-test,0.05,1.0,20,0.786,0.012969348480166612
Ant-v5,TD3,DDPG,bootstrap,0.05,1.0,20,0.904,0.009315793041926167
Ant-v5,TD3,DDPG,permutation,0.05,1.0,20,0.879,0.010313049985334114
Ant-v5,TD3,DDPG,t-test,0.05,1.0,30,0.976,0.004839834707921338
Ant-v5,TD3,DDPG,Welch t-test,0.05,1.0,30,0.961,0.006122009474020767
Ant-v5,TD3,DDPG,Mann-Whitney,0.05,1.0,30,0.92,0.008579044235810886
Ant-v5,TD3,DDPG,Ranked t-test,0.05,1.0,30,0.939,0.007568289106528638
Ant-v5,TD3,DDPG,bootstrap,0.05,1.0,30,0.975,0.004937104414532877
Ant-v5,TD3,DDPG,permutation,0.05,1.0,30,0.976,0.004839834707921338
Ant-v5,TD3,DDPG,t-test,0.05,2.0,2,0.286,0.014289996501049255
Ant-v5,TD3,DDPG,Welch t-test,0.05,2.0,2,0.14,0.010972693379476163
Ant-v5,TD3,DDPG,Mann-Whitney,0.05,2.0,2,0.0,0.0
Ant-v5,TD3,DDPG,Ranked t-test,0.05,2.0,2,0.001,0.0009994998749374609
Ant-v5,TD3,DDPG,bootstrap,0.05,2.0,2,0.805,0.012528966437819202
Ant-v5,TD3,DDPG,permutation,0.05,2.0,2,0.82,0.012149074038789953
Ant-v5,TD3,DDPG,t-test,0.05,2.0,3,0.531,0.01578096955196353
Ant-v5,TD3,DDPG,Welch t-test,0.05,2.0,3,0.45,0.015732132722552274
Ant-v5,TD3,DDPG,Mann-Whitney,0.05,2.0,3,0.0,0.0
Ant-v5,TD3,DDPG,Ranked t-test,0.05,2.0,3,0.491,0.015808826648426505
Ant-v5,TD3,DDPG,bootstrap,0.05,2.0,3,0.797,0.012719709116170855
Ant-v5,TD3,DDPG,permutation,0.05,2.0,3,0.667,0.01490338887635963
Ant-v5,TD3,DDPG,t-test,0.05,2.0,5,0.787,0.012947239087929132
Ant-v5,TD3,DDPG,Welch t-test,0.05,2.0,5,0.743,0.013818502089589886
Ant-v5,TD3,DDPG,Mann-Whitney,0.05,2.0,5,0.372,0.015284501954594399
Ant-v5,TD3,DDPG,Ranked t-test,0.05,2.0,5,0.45,0.015732132722552274
Ant-v5,TD3,DDPG,bootstrap,0.05,2.0,5,0.912,0.008958571314668425
Ant-v5,TD3,DDPG,permutation,0.05,2.0,5,0.787,0.012947239087929132
Ant-v5,TD3,DDPG,t-test,0.05,2.0,10,0.988,0.003443254274665176
Ant-v5,TD3,DDPG,Welch t-test,0.05,2.0,10,0.982,0.004204283529925166
Ant-v5,TD3,DDPG,Mann-Whitney,0.05,2.0,10,0.806,0.012504559168559281
Ant-v5,TD3,DDPG,Ranked t-test,0.05,2.0,10,0.807,0.012480024038438387
Ant-v5,TD3,DDPG,bootstrap,0.05,2.0,10,0.987,0.0035820385257559714
Ant-v5,TD3,DDPG,permutation,0.05,2.0,10,0.986,0.0037153734670958734
Ant-v5,TD3,DDPG,t-test,0.05,2.0,20,1.0,0.0
Ant-v5,TD3,DDPG,Welch t-test,0.05,2.0,20,1.0,0.0
Ant-v5,TD3,DDPG,Mann-Whitney,0.05,2.0,20,0.975,0.004937104414532877
Ant-v5,TD3,DDPG,Ranked t-test,0.05,2.0,20,0.983,0.004087909000944127
Ant-v5,TD3,DDPG,bootstrap,0.05,2.0,20,1.0,0.0
Ant-v5,TD3,DDPG,permutation,0.05,2.0,20,1.0,0.0
Ant-v5,TD3,DDPG,t-test,0.05,2.0,30,1.0,0.0
Ant-v5,TD3,DDPG,Welch t-test,0.05,2.0,30,1.0,0.0
Ant-v5,TD3,DDPG,Mann-Whitney,0.05,2.0,30,1.0,0.0
Ant-v5,TD3,DDPG,Ranked t-test,0.05,2.0,30,0.998,0.0014127986409959495
Ant-v5,TD3,DDPG,bootstrap,0.05,2.0,30,1.0,0.0
Ant-v5,TD3,DDPG,permutation,0.05,2.0,30,1.0,0.0
Ant-v5,TD3,DDPG,t-test,0.01,0.5,2,0.024,0.004839834707921336
Ant-v5,TD3,DDPG,Welch t-test,0.01,0.5,2,0.008,0.0028170906978654416
Ant-v5,TD3,DDPG,Mann-Whitney,0.01,0.5,2,0.0,0.0
Ant-v5,TD3,DDPG,Ranked t-test,0.01,0.5,2,0.0,0.0
Ant-v5,TD3,DDPG,bootstrap,0.01,0.5,2,0.435,0.0156772127624779
Ant-v5,TD3,DDPG,permutation,0.01,0.5,2,0.427,0.015641962792437524
Ant-v5,TD3,DDPG,t-test,0.01,0.5,3,0.032,0.005565608681896348
Ant-v5,TD3,DDPG,Welch t-test,0.01,0.5,3,0.014,0.003715373467095872
Ant-v5,TD3,DDPG,Mann-Whitney,0.01,0.5,3,0.0,0.0
Ant-v5,TD3,DDPG,Ranked t-test,0.01,0.5,3,0.0,0.0
Ant-v5,TD3,DDPG,bootstrap,0.01,0.5,3,0.238,0.01346684818359515
Ant-v5,TD3,DDPG,permutation,0.01,0.5,3,0.204,0.01274299807737567
Ant-v5,TD3,DDPG,t-test,0.01,0.5,5,0.041,0.006270486424512854
Ant-v5,TD3,DDPG,Welch t-test,0.01,0.5,5,0.034,0.005730968504537431
Ant-v5,TD3,DDPG,Mann-Whitney,0.01,0.5,5,0.019,0.004317290817167636
Ant-v5,TD3,DDPG,Ranked t-test,0.01,0.5,5,0.044,0.006485676526007136
Ant-v5,TD3,DDPG,bootstrap,0.01,0.5,5,0.188,0.012355403676124872
Ant-v5,TD3,DDPG,permutation,0.01,0.5,5,0.052,0.007021111023192838
Ant-v5,TD3,DDPG,t-test,0.01,0.5,10,0.088,0.008958571314668427
Ant-v5,TD3,DDPG,Welch t-test,0.01,0.5,10,0.065,0.007795832219846705
Ant-v5,TD3,DDPG,Mann-Whitney,0.01,0.5,10,0.054,0.007147307185227175
Ant-v5,TD3,DDPG,Ranked t-test,0.01,0.5,10,0.081,0.008627803892068943
Ant-v5,TD3,DDPG,bootstrap,0.01,0.5,10,0.151,0.01132249972400088
Ant-v5,TD3,DDPG,permutation,0.01,0.5,10,0.08,0.008579044235810887
Ant-v5,TD3,DDPG,t-test,0.01,0.5,20,0.141,0.011005407761641547
Ant-v5,TD3,DDPG,Welch t-test,0.01,0.5,20,0.177,0.012069424178476784
Ant-v5,TD3,DDPG,Mann-Whitney,0.01,0.5,20,0.167,0.01179453263168999
Ant-v5,TD3,DDPG,Ranked t-test,0.01,0.5,20,0.212,0.012925014506761685
Ant-v5,TD3,DDPG,bootstrap,0.01,0.5,20,0.235,0.013408019988051927
Ant-v5,TD3,DDPG,permutation,0.01,0.5,20,0.187,0.012330085157856777
Ant-v5,TD3,DDPG,t-test,0.01,0.5,30,0.242,0.013543854695026818
Ant-v5,TD3,DDPG,Welch t-test,0.01,0.5,30,0.261,0.013888088421377507
Ant-v5,TD3,DDPG,Mann-Whitney,0.01,0.5,30,0.294,0.014407081592050487
Ant-v5,TD3,DDPG,Ranked t-test,0.01,0.5,30,0.306,0.0145727142289966
Ant-v5,TD3,DDPG,bootstrap,0.01,0.5,30,0.317,0.014714312760030624
Ant-v5,TD3,DDPG,permutation,0.01,0.5,30,0.266,0.013972973913952606
Ant-v5,TD3,DDPG,t-test,0.01,1.0,2,0.044,0.006485676526007136
Ant-v5,TD3,DDPG,Welch t-test,0.01,1.0,2,0.013,0.003582038525755969
Ant-v5,TD3,DDPG,Mann-Whitney,0.01,1.0,2,0.0,0.0
Ant-v5,TD3,DDPG,Ranked t-test,0.01,1.0,2,0.0,0.0
Ant-v5,TD3,DDPG,bootstrap,0.01,1.0,2,0.666,0.014914556647785411
Ant-v5,TD3,DDPG,permutation,0.01,1.0,2,0.604,0.01546557467409472
Ant-v5,TD3,DDPG,t-test,0.01,1.0,3,0.069,0.008014923580421713
Ant-v5,TD3,DDPG,Welch t-test,0.01,1.0,3,0.032,0.005565608681896348
Ant-v5,TD3,DDPG,Mann-Whitney,0.01,1.0,3,0.0,0.0
Ant-v5,TD3,DDPG,Ranked t-test,0.01,1.0,3,0.0,0.0
Ant-v5,TD3,DDPG,bootstrap,0.01,1.0,3,0.443,0.015708309902723462
Ant-v5,TD3,DDPG,permutation,0.01,1.0,3,0.366,0.01523299051401267
Ant-v5,TD3,DDPG,t-test,0.01,1.0,5,0.152,0.011353237423748346
Ant-v5,TD3,DDPG,Welch t-test,0.01,1.0,5,0.113,0.01001154333756789
Ant-v5,TD3,DDPG,Mann-Whitney,0.01,1.0,5,0.083,0.008724161850859944
Ant-v5,TD3,DDPG,Ranked t-test,0.01,1.0,5,0.145,0.01113440613593738
Ant-v5,TD3,DDPG,bootstrap,0.01,1.0,5,0.396,0.01546557467409472
Ant-v5,TD3,DDPG,permutation,0.01,1.0,5,0.222,0.013142145943490356
Ant-v5,TD3,DDPG,t-test,0.01,1.0,10,0.343,0.015011695440555674
Ant-v5,TD3,DDPG,Welch t-test,0.01,1.0,10,0.331,0.014880826589944525
Ant-v5,TD3,DDPG,Mann-Whitney,0.01,1.0,10,0.187,0.012330085157856777
Ant-v5,TD3,DDPG,Ranked t-test,0.01,1.0,10,0.274,0.014104041973845655
Ant-v5,TD3,DDPG,bootstrap,0.01,1.0,10,0.508,0.015809364313595912
Ant-v5,TD3,DDPG,permutation,0.01,1.0,10,0.381,0.015357050498061143
Ant-v5,TD3,DDPG,t-test,0.01,1.0,20,0.713,0.01430492922037715
Ant-v5,TD3,DDPG,Welch t-test,0.01,1.0,20,0.657,0.015011695440555674
Ant-v5,TD3,DDPG,Mann-Whitney,0.01,1.0,20,0.515,0.01580427157448264
Ant-v5,TD3,DDPG,Ranked t-test,0.01,1.0,20,0.593,0.015535475531827148
Ant-v5,TD3,DDPG,bootstrap,0.01,1.0,20,0.787,0.012947239087929132
Ant-v5,TD3,DDPG,permutation,0.01,1.0,20,0.684,0.014701836619960105
Ant-v5,TD3,DDPG,t-test,0.01,1.0,30,0.888,0.00997276290703835
Ant-v5,TD3,DDPG,Welch t-test,0.01,1.0,30,0.88,0.010276186062932104
Ant-v5,TD3,DDPG,Mann-Whitney,0.01,1.0,30,0.787,0.012947239087929132
Ant-v5,TD3,DDPG,Ranked t-test,0.01,1.0,30,0.78,0.01309961831505025
Ant-v5,TD3,DDPG,bootstrap,0.01,1.0,30,0.926,0.008277922444671728
Ant-v5,TD3,DDPG,permutation,0.01,1.0,30,0.888,0.00997276290703835
Ant-v5,TD3,DDPG,t-test,0.01,2.0,2,0.104,0.009653186002558949
Ant-v5,TD3,DDPG,Welch t-test,0.01,2.0,2,0.03,0.005394441583704471
Ant-v5,TD3,DDPG,Mann-Whitney,0.01,2.0,2,0.0,0.0
Ant-v5,TD3,DDPG,Ranked t-test,0.01,2.0,2,0.0,0.0
Ant-v5,TD3,DDPG,bootstrap,0.01,2.0,2,0.789,0.012902674141432851
Ant-v5,TD3,DDPG,permutation,0.01,2.0,2,0.782,0.013056645817360598
Ant-v5,TD3,DDPG,t-test,0.01,2.0,3,0.275,0.014120021246442939
Ant-v5,TD3,DDPG,Welch t-test,0.01,2.0,3,0.146,0.011166198995181842
Ant-v5,TD3,DDPG,Mann-Whitney,0.01,2.0,3,0.0,0.0
Ant-v5,TD3,DDPG,Ranked t-test,0.01,2.0,3,0.001,0.0009994998749374609
Ant-v5,TD3,DDPG,bootstrap,0.01,2.0,3,0.721,0.014183053267896867
Ant-v5,TD3,DDPG,permutation,0.01,2.0,3,0.633,0.015241751867813621
Ant-v5,TD3,DDPG,t-test,0.01,2.0,5,0.525,0.015791611697353755
Ant-v5,TD3,DDPG,Welch t-test,0.01,2.0,5,0.457,0.015752809273269323
Ant-v5,TD3,DDPG,Mann-Whitney,0.01,2.0,5,0.172,0.011933817494833746
Ant-v5,TD3,DDPG,Ranked t-test,0.01,2.0,5,0.322,0.014775520295407536
Ant-v5,TD3,DDPG,bootstrap,0.01,2.0,5,0.792,0.012834952278836098
Ant-v5,TD3,DDPG,permutation,0.01,2.0,5,0.545,0.015747221977225064
Ant-v5,TD3,DDPG,t-test,0.01,2.0,10,0.932,0.00796090447122687
Ant-v5,TD3,DDPG,Welch t-test,0.01,2.0,10,0.913,0.008912407082264588
Ant-v5,TD3,DDPG,Mann-Whitney,0.01,2.0,10,0.482,0.01580113919943749
Ant-v5,TD3,DDPG,Ranked t-test,0.01,2.0,10,0.577,0.015622771841129857
Ant-v5,TD3,DDPG,bootstrap,0.01,2.0,10,0.974,0.005032295698784007
Ant-v5,TD3,DDPG,permutation,0.01,2.0,10,0.919,0.008627803892068941
Ant-v5,TD3,DDPG,t-test,0.01,2.0,20,1.0,0.0
Ant-v5,TD3,DDPG,Welch t-test,0.01,2.0,20,1.0,0.0
Ant-v5,TD3,DDPG,Mann-Whitney,0.01,2.0,20,0.926,0.008277922444671728
Ant-v5,TD3,DDPG,Ranked t-test,0.01,2.0,20,0.94,0.007509993342207438
Ant-v5,TD3,DDPG,bootstrap,0.01,2.0,20,1.0,0.0
Ant-v5,TD3,DDPG,permutation,0.01,2.0,20,0.999,0.0009994998749374613
Ant-v5,TD3,DDPG,t-test,0.01,2.0,30,1.0,0.0
Ant-v5,TD3,DDPG,Welch t-test,0.01,2.0,30,1.0,0.0
Ant-v5,TD3,DDPG,Mann-Whitney,0.01,2.0,30,0.988,0.003443254274665176
Ant-v5,TD3,DDPG,Ranked t-test,0.01,2.0,30,0.992,0.0028170906978654425
Ant-v5,TD3,DDPG,bootstrap,0.01,2.0,30,1.0,0.0
Ant-v5,TD3,DDPG,permutation,0.01,2.0,30,1.0,0.0
Ant-v5,TD3,PPO,t-test,0.05,0.5,2,0.082,0.008676174272108648
Ant-v5,TD3,PPO,Welch t-test,0.05,0.5,2,0.049,0.006826346021115542
Ant-v5,TD3,PPO,Mann-Whitney,0.05,0.5,2,0.0,0.0
Ant-v5,TD3,PPO,Ranked t-test,0.05,0.5,2,0.0,0.0
Ant-v5,TD3,PPO,bootstrap,0.05,0.5,2,0.427,0.015641962792437524
Ant-v5,TD3,PPO,permutation,0.05,0.5,2,0.418,0.015597307459943206
Ant-v5,TD3,PPO,t-test,0.05,0.5,3,0.119,0.010239091756596383
Ant-v5,TD3,PPO,Welch t-test,0.05,0.5,3,0.087,0.00891240708226459
Ant-v5,TD3,PPO,Mann-Whitney,0.05,0.5,3,0.0,0.0
Ant-v5,TD3,PPO,Ranked t-test,0.05,0.5,3,0.135,0.010806248192596726
Ant-v5,TD3,PPO,bootstrap,0.05,0.5,3,0.31,0.014625320509308504
Ant-v5,TD3,PPO,permutation,0.05,0.5,3,0.183,0.012227469075814503
Ant-v5,TD3,PPO,t-test,0.05,0.5,5,0.169,0.011850696182081457
Ant-v5,TD3,PPO,Welch t-test,0.05,0.5,5,0.145,0.01113440613593738
Ant-v5,TD3,PPO,Mann-Whitney,0.05,0.5,5,0.058,0.007391616873188166
Ant-v5,TD3,PPO,Ranked t-test,0.05,0.5,5,0.077,0.00843036179532053
Ant-v5,TD3,PPO,bootstrap,0.05,0.5,5,0.241,0.013524755080961725
Ant-v5,TD3,PPO,permutation,0.05,0.5,5,0.169,0.011850696182081457
Ant-v5,TD3,PPO,t-test,0.05,0.5,10,0.22,0.013099618315050252
Ant-v5,TD3,PPO,Welch t-test,0.05,0.5,10,0.22,0.013099618315050252
Ant-v5,TD3,PPO,Mann-Whitney,0.05,0.5,10,0.108,0.009815090422405696
Ant-v5,TD3,PPO,Ranked t-test,0.05,0.5,10,0.14,0.010972693379476163
Ant-v5,TD3,PPO,bootstrap,0.05,0.5,10,0.245,0.013600551459407815
Ant-v5,TD3,PPO,permutation,0.05,0.5,10,0.231,0.013328128150644412
Ant-v5,TD3,PPO,t-test,0.05,0.5,20,0.357,0.015150940564862632
Ant-v5,TD3,PPO,Welch t-test,0.05,0.5,20,0.358,0.01516034300403523
Ant-v5,TD3,PPO,Mann-Whitney,0.05,0.5,20,0.207,0.012812142677944232
Ant-v5,TD3,PPO,Ranked t-test,0.05,0.5,20,0.218,0.0130566458173606
Ant-v5,TD3,PPO,bootstrap,0.05,0.5,20,0.388,0.015409607392792329
Ant-v5,TD3,PPO,permutation,0.05,0.5,20,0.336,0.014936666294725875
Ant-v5,TD3,PPO,t-test,0.05,0.5,30,0.479,0.015797436500901024
Ant-v5,TD3,PPO,Welch t-test,0.05,0.5,30,0.483,0.01580224667571039
Ant-v5,TD3,PPO,Mann-Whitney,0.05,0.5,30,0.289,0.0143345387090063
Ant-v5,TD3,PPO,Ranked t-test,0.05,0.5,30,0.273,0.014087973594523805
Ant-v5,TD3,PPO,bootstrap,0.05,0.5,30,0.511,0.015807561481771943
Ant-v5,TD3,PPO,permutation,0.05,0.5,30,0.492,0.015809364313595912
Ant-v5,TD3,PPO,t-test,0.05,1.0,2,0.157,0.01150439046625244
Ant-v5,TD3,PPO,Welch t-test,0.05,1.0,2,0.065,0.007795832219846705
Ant-v5,TD3,PPO,Mann-Whitney,0.05,1.0,2,0.0,0.0
Ant-v5,TD3,PPO,Ranked t-test,0.05,1.0,2,0.001,0.0009994998749374609
Ant-v5,TD3,PPO,bootstrap,0.05,1.0,2,0.515,0.01580427157448264
Ant-v5,TD3,PPO,permutation,0.05,1.0,2,0.541,0.015758140753274162
Ant-v5,TD3,PPO,t-test,0.05,1.0,3,0.202,0.012696298673235441
Ant-v5,TD3,PPO,Welch t-test,0.05,1.0,3,0.167,0.01179453263168999
Ant-v5,TD3,PPO,Mann-Whitney,0.05,1.0,3,0.0,0.0
Ant-v5,TD3,PPO,Ranked t-test,0.05,1.0,3,0.23,0.013307892395116516
Ant-v5,TD3,PPO,bootstrap,0.05,1.0,3,0.479,0.015797436500901024
Ant-v5,TD3,PPO,permutation,0.05,1.0,3,0.298,0.014463609508003178
Ant-v5,TD3,PPO,t-test,0.05,1.0,5,0.339,0.014969268519202935
Ant-v5,TD3,PPO,Welch t-test,0.05,1.0,5,0.298,0.014463609508003178
Ant-v5,TD3,PPO,Mann-Whitney,0.05,1.0,5,0.176,0.012042591083317577
Ant-v5,TD3,PPO,Ranked t-test,0.05,1.0,5,0.239,0.01348625225924534
Ant-v5,TD3,PPO,bootstrap,0.05,1.0,5,0.494,0.015810249839898167
Ant-v5,TD3,PPO,permutation,0.05,1.0,5,0.337,0.014947608504372866
Ant-v5,TD3,PPO,t-test,0.05,1.0,10,0.566,0.015673034167001616
Ant-v5,TD3,PPO,Welch t-test,0.05,1.0,10,0.562,0.01568935945155187
Ant-v5,TD3,PPO,Mann-Whitney,0.05,1.0,10,0.364,0.015215255502291114
Ant-v5,TD3,PPO,Ranked t-test,0.05,1.0,10,0.426,0.015637263187655313
Ant-v5,TD3,PPO,bootstrap,0.05,1.0,10,0.641,0.01516967369457893
Ant-v5,TD3,PPO,permutation,0.05,1.0,10,0.577,0.015622771841129857
Ant-v5,TD3,PPO,t-test,0.05,1.0,20,0.866,0.010772372069326236
Ant-v5,TD3,PPO,Welch t-test,0.05,1.0,20,0.844,0.011474493452871897
Ant-v5,TD3,PPO,Mann-Whitney,0.05,1.0,20,0.716,0.014259873772232349
Ant-v5,TD3,PPO,Ranked t-test,0.05,1.0,20,0.726,0.014104041973845655
Ant-v5,TD3,PPO,bootstrap,0.05,1.0,20,0.867,0.010738295954200556
Ant-v5,TD3,PPO,permutation,0.05,1.0,20,0.846,0.011414201680362933
Ant-v5,TD3,PPO,t-test,0.05,1.0,30,0.957,0.006414904519944161
Ant-v5,TD3,PPO,Welch t-test,0.05,1.0,30,0.961,0.006122009474020767
Ant-v5,TD3,PPO,Mann-Whitney,0.05,1.0,30,0.848,0.011353237423748348
Ant-v5,TD3,PPO,Ranked t-test,0.05,1.0,30,0.866,0.010772372069326236
Ant-v5,TD3,PPO,bootstrap,0.05,1.0,30,0.966,0.005730968504537434
Ant-v5,TD3,PPO,permutation,0.05,1.0,30,0.955,0.00655553201502365
Ant-v5,TD3,PPO,t-test,0.05,2.0,2,0.276,0.014135911714495106
Ant-v5,TD3,PPO,Welch t-test,0.05,2.0,2,0.136,0.010839926199010766
Ant-v5,TD3,PPO,Mann-Whitney,0.05,2.0,2,0.0,0.0
Ant-v5,TD3,PPO,Ranked t-test,0.05,2.0,2,0.0,0.0
Ant-v5,TD3,PPO,bootstrap,0.05,2.0,2,0.754,0.013619251080731275
Ant-v5,TD3,PPO,permutation,0.05,2.0,2,0.76,0.013505554412907307
Ant-v5,TD3,PPO,t-test,0.05,2.0,3,0.507,0.015809838708854686
Ant-v5,TD3,PPO,Welch t-test,0.05,2.0,3,0.432,0.01566448211719749
Ant-v5,TD3,PPO,Mann-Whitney,0.05,2.0,3,0.0,0.0
Ant-v5,TD3,PPO,Ranked t-test,0.05,2.0,3,0.524,0.01579316307773715
Ant-v5,TD3,PPO,bootstrap,0.05,2.0,3,0.73,0.014039230748157109
Ant-v5,TD3,PPO,permutation,0.05,2.0,3,0.581,0.015602531845825537
Ant-v5,TD3,PPO,t-test,0.05,2.0,5,0.752,0.01365635383255721
Ant-v5,TD3,PPO,Welch t-test,0.05,2.0,5,0.717,0.014244683218660919
Ant-v5,TD3,PPO,Mann-Whitney,0.05,2.0,5,0.515,0.01580427157448264
Ant-v5,TD3,PPO,Ranked t-test,0.05,2.0,5,0.592,0.015541428505771277
Ant-v5,TD3,PPO,bootstrap,0.05,2.0,5,0.843,0.01150439046625244
Ant-v5,TD3,PPO,permutation,0.05,2.0,5,0.746,0.013765318739498916
Ant-v5,TD3,PPO,t-test,0.05,2.0,10,0.975,0.004937104414532877
Ant-v5,TD3,PPO,Welch t-test,0.05,2.0,10,0.981,0.004317290817167639
Ant-v5,TD3,PPO,Mann-Whitney,0.05,2.0,10,0.893,0.009775019181566856
Ant-v5,TD3,PPO,Ranked t-test,0.05,2.0,10,0.928,0.00817410545564467
Ant-v5,TD3,PPO,bootstrap,0.05,2.0,10,0.99,0.003146426544510456
Ant-v5,TD3,PPO,permutation,0.05,2.0,10,0.975,0.004937104414532877
Ant-v5,TD3,PPO,t-test,0.05,2.0,20,1.0,0.0
Ant-v5,TD3,PPO,Welch t-test,0.05,2.0,20,1.0,0.0
Ant-v5,TD3,PPO,Mann-Whitney,0.05,2.0,20,0.997,0.0017294507798720387
Ant-v5,TD3,PPO,Ranked t-test,0.05,2.0,20,0.997,0.0017294507798720387
Ant-v5,TD3,PPO,bootstrap,0.05,2.0,20,1.0,0.0
Ant-v5,TD3,PPO,permutation,0.05,2.0,20,1.0,0.0
Ant-v5,TD3,PPO,t-test,0.05,2.0,30,1.0,0.0
Ant-v5,TD3,PPO,Welch t-test,0.05,2.0,30,1.0,0.0
Ant-v5,TD3,PPO,Mann-Whitney,0.05,2.0,30,1.0,0.0
Ant-v5,TD3,PPO,Ranked t-test,0.05,2.0,30,1.0,0.0
Ant-v5,TD3,PPO,bootstrap,0.05,2.0,30,1.0,0.0
Ant-v5,TD3,PPO,permutation,0.05,2.0,30,1.0,0.0
Ant-v5,TD3,PPO,t-test,0.01,0.5,2,0.019,0.004317290817167636
Ant-v5,TD3,PPO,Welch t-test,0.01,0.5,2,0.009,0.002986469487538756
Ant-v5,TD3,PPO,Mann-Whitney,0.01,0.5,2,0.0,0.0
Ant-v5,TD3,PPO,Ranked t-test,0.01,0.5,2,0.0,0.0
Ant-v5,TD3,PPO,bootstrap,0.01,0.5,2,0.386,0.015394934231752989
Ant-v5,TD3,PPO,permutation,0.01,0.5,2,0.415,0.015581238718407466
Ant-v5,TD3,PPO,t-test,0.01,0.5,3,0.036,0.005891010100144117
Ant-v5,TD3,PPO,Welch t-test,0.01,0.5,3,0.02,0.004427188724235731
Ant-v5,TD3,PPO,Mann-Whitney,0.01,0.5,3,0.0,0.0
Ant-v5,TD3,PPO,Ranked t-test,0.01,0.5,3,0.0,0.0
Ant-v5,TD3,PPO,bootstrap,0.01,0.5,3,0.211,0.012902674141432851
Ant-v5,TD3,PPO,permutation,0.01,0.5,3,0.199,0.012625331678811452
Ant-v5,TD3,PPO,t-test,0.01,0.5,5,0.052,0.007021111023192838
Ant-v5,TD3,PPO,Welch t-test,0.01,0.5,5,0.045,0.0065555320150236475
Ant-v5,TD3,PPO,Mann-Whitney,0.01,0.5,5,0.013,0.003582038525755969
Ant-v5,TD3,PPO,Ranked t-test,0.01,0.5,5,0.032,0.005565608681896348
Ant-v5,TD3,PPO,bootstrap,0.01,0.5,5,0.155,0.011444430960078356
Ant-v5,TD3,PPO,permutation,0.01,0.5,5,0.062,0.007626008130076967
Ant-v5,TD3,PPO,t-test,0.01,0.5,10,0.073,0.008226238508577295
Ant-v5,TD3,PPO,Welch t-test,0.01,0.5,10,0.098,0.009401914698613257
Ant-v5,TD3,PPO,Mann-Whitney,0.01,0.5,10,0.034,0.005730968504537431
Ant-v5,TD3,PPO,Ranked t-test,0.01,0.5,10,0.04,0.0061967733539318665
Ant-v5,TD3,PPO,bootstrap,0.01,0.5,10,0.153,0.011383804285035824
Ant-v5,TD3,PPO,permutation,0.01,0.5,10,0.084,0.008771772910877254
Ant-v5,TD3,PPO,t-test,0.01,0.5,20,0.172,0.011933817494833746
Ant-v5,TD3,PPO,Welch t-test,0.01,0.5,20,0.167,0.01179453263168999
Ant-v5,TD3,PPO,Mann-Whitney,0.01,0.5,20,0.079,0.008529888627643388
Ant-v5,TD3,PPO,Ranked t-test,0.01,0.5,20,0.086,0.008865889690267977
Ant-v5,TD3,PPO,bootstrap,0.01,0.5,20,0.191,0.012430567163247218
Ant-v5,TD3,PPO,permutation,0.01,0.5,20,0.178,0.012096115078817662
Ant-v5,TD3,PPO,t-test,0.01,0.5,30,0.274,0.014104041973845655
Ant-v5,TD3,PPO,Welch t-test,0.01,0.5,30,0.27,0.014039230748157109
Ant-v5,TD3,PPO,Mann-Whitney,0.01,0.5,30,0.128,0.010564847372300274
Ant-v5,TD3,PPO,Ranked t-test,0.01,0.5,30,0.112,0.00997276290703835
Ant-v5,TD3,PPO,bootstrap,0.01,0.5,30,0.267,0.013989674763910703
Ant-v5,TD3,PPO,permutation,0.01,0.5,30,0.296,0.01443551176785915
Ant-v5,TD3,PPO,t-test,0.01,1.0,2,0.03,0.005394441583704471
Ant-v5,TD3,PPO,Welch t-test,0.01,1.0,2,0.008,0.0028170906978654416
Ant-v5,TD3,PPO,Mann-Whitney,0.01,1.0,2,0.0,0.0
Ant-v5,TD3,PPO,Ranked t-test,0.01,1.0,2,0.001,0.0009994998749374609
Ant-v5,TD3,PPO,bootstrap,0.01,1.0,2,0.519,0.01579996835439869
Ant-v5,TD3,PPO,permutation,0.01,1.0,2,0.526,0.01578999683343857
Ant-v5,TD3,PPO,t-test,0.01,1.0,3,0.075,0.008329165624478841
Ant-v5,TD3,PPO,Welch t-test,0.01,1.0,3,0.046,0.006624499981130651
Ant-v5,TD3,PPO,Mann-Whitney,0.01,1.0,3,0.0,0.0
Ant-v5,TD3,PPO,Ranked t-test,0.01,1.0,3,0.002,0.0014127986409959489
Ant-v5,TD3,PPO,bootstrap,0.01,1.0,3,0.364,0.015215255502291114
Ant-v5,TD3,PPO,permutation,0.01,1.0,3,0.294,0.014407081592050487
Ant-v5,TD3,PPO,t-test,0.01,1.0,5,0.16,0.01159310139695155
Ant-v5,TD3,PPO,Welch t-test,0.01,1.0,5,0.126,0.010493998284733994
Ant-v5,TD3,PPO,Mann-Whitney,0.01,1.0,5,0.047,0.006692607862410586
Ant-v5,TD3,PPO,Ranked t-test,0.01,1.0,5,0.11,0.009894442884771228
Ant-v5,TD3,PPO,bootstrap,0.01,1.0,5,0.37,0.015267612779999367
Ant-v5,TD3,PPO,permutation,0.01,1.0,5,0.139,0.010939789760319894
Ant-v5,TD3,PPO,t-test,0.01,1.0,10,0.323,0.014787528529135625
Ant-v5,TD3,PPO,Welch t-test,0.01,1.0,10,0.326,0.01482309009619789
Ant-v5,TD3,PPO,Mann-Whitney,0.01,1.0,10,0.145,0.01113440613593738
Ant-v5,TD3,PPO,Ranked t-test,0.01,1.0,10,0.206,0.0127892142057282
Ant-v5,TD3,PPO,bootstrap,0.01,1.0,10,0.445,0.015715438269421567
Ant-v5,TD3,PPO,permutation,0.01,1.0,10,0.332,0.014892145580808697
Ant-v5,TD3,PPO,t-test,0.01,1.0,20,0.646,0.015122301412152848
Ant-v5,TD3,PPO,Welch t-test,0.01,1.0,20,0.669,0.014880826589944525
Ant-v5,TD3,PPO,Mann-Whitney,0.01,1.0,20,0.46,0.015760710643876435
Ant-v5,TD3,PPO,Ranked t-test,0.01,1.0,20,0.459,0.015758140753274162
Ant-v5,TD3,PPO,bootstrap,0.01,1.0,20,0.703,0.014449602070645405
Ant-v5,TD3,PPO,permutation,0.01,1.0,20,0.66,0.014979986648859203
Ant-v5,TD3,PPO,t-test,0.01,1.0,30,0.871,0.010599952830083727
Ant-v5,TD3,PPO,Welch t-test,0.01,1.0,30,0.873,0.010529529904036551
Ant-v5,TD3,PPO,Mann-Whitney,0.01,1.0,30,0.672,0.014846413708367418
Ant-v5,TD3,PPO,Ranked t-test,0.01,1.0,30,0.698,0.01451881537867329
Ant-v5,TD3,PPO,bootstrap,0.01,1.0,30,0.88,0.010276186062932104
Ant-v5,TD3,PPO,permutation,0.01,1.0,30,0.852,0.011229247525992114
Ant-v5,TD3,PPO,t-test,0.01,2.0,2,0.07,0.008068457101577725
Ant-v5,TD3,PPO,Welch t-test,0.01,2.0,2,0.023,0.004740358636221525
Ant-v5,TD3,PPO,Mann-Whitney,0.01,2.0,2,0.0,0.0
Ant-v5,TD3,PPO,Ranked t-test,0.01,2.0,2,0.0,0.0
Ant-v5,TD3,PPO,bootstrap,0.01,2.0,2,0.754,0.013619251080731275
Ant-v5,TD3,PPO,permutation,0.01,2.0,2,0.762,0.01346684818359515
Ant-v5,TD3,PPO,t-test,0.01,2.0,3,0.214,0.012969348480166612
Ant-v5,TD3,PPO,Welch t-test,0.01,2.0,3,0.123,0.010386096475577337
Ant-v5,TD3,PPO,Mann-Whitney,0.01,2.0,3,0.0,0.0
Ant-v5,TD3,PPO,Ranked t-test,0.01,2.0,3,0.0,0.0
Ant-v5,TD3,PPO,bootstrap,0.01,2.0,3,0.678,0.014775520295407536
Ant-v5,TD3,PPO,permutation,0.01,2.0,3,0.568,0.01566448211719749
Ant-v5,TD3,PPO,t-test,0.01,2.0,5,0.475,0.015791611697353755
Ant-v5,TD3,PPO,Welch t-test,0.01,2.0,5,0.457,0.015752809273269323
Ant-v5,TD3,PPO,Mann-Whitney,0.01,2.0,5,0.214,0.012969348480166612
Ant-v5,TD3,PPO,Ranked t-test,0.01,2.0,5,0.375,0.015309310892394862
Ant-v5,TD3,PPO,bootstrap,0.01,2.0,5,0.742,0.013836039895866157
Ant-v5,TD3,PPO,permutation,0.01,2.0,5,0.483,0.01580224667571039
Ant-v5,TD3,PPO,t-test,0.01,2.0,10,0.889,0.00993373041711924
Ant-v5,TD3,PPO,Welch t-test,0.01,2.0,10,0.902,0.009401914698613255
Ant-v5,TD3,PPO,Mann-Whitney,0.01,2.0,10,0.682,0.014726710426975875
Ant-v5,TD3,PPO,Ranked t-test,0.01,2.0,10,0.749,0.013711272734505722
Ant-v5,TD3,PPO,bootstrap,0.01,2.0,10,0.946,0.0071473071852271785
Ant-v5,TD3,PPO,permutation,0.01,2.0,10,0.887,0.010011543337567888
Ant-v5,TD3,PPO,t-test,0.01,2.0,20,1.0,0.0
Ant-v5,TD3,PPO,Welch t-test,0.01,2.0,20,0.999,0.0009994998749374613
Ant-v5,TD3,PPO,Mann-Whitney,0.01,2.0,20,0.979,0.00453420334788814
Ant-v5,TD3,PPO,Ranked t-test,0.01,2.0,20,0.978,0.004638534251247911
Ant-v5,TD3,PPO,bootstrap,0.01,2.0,20,1.0,0.0
Ant-v5,TD3,PPO,permutation,0.01,2.0,20,0.999,0.0009994998749374613
Ant-v5,TD3,PPO,t-test,0.01,2.0,30,1.0,0.0
Ant-v5,TD3,PPO,Welch t-test,0.01,2.0,30,1.0,0.0
Ant-v5,TD3,PPO,Mann-Whitney,0.01,2.0,30,0.999,0.0009994998749374613
Ant-v5,TD3,PPO,Ranked t-test,0.01,2.0,30,0.998,0.0014127986409959495
Ant-v5,TD3,PPO,bootstrap,0.01,2.0,30,1.0,0.0
Ant-v5,TD3,PPO,permutation,0.01,2.0,30,1.0,0.0
Ant-v5,DDPG,PPO,t-test,0.05,0.5,2,0.109,0.00985489725973843
Ant-v5,DDPG,PPO,Welch t-test,0.05,0.5,2,0.047,0.006692607862410586
Ant-v5,DDPG,PPO,Mann-Whitney,0.05,0.5,2,0.0,0.0
Ant-v5,DDPG,PPO,Ranked t-test,0.05,0.5,2,0.0,0.0
Ant-v5,DDPG,PPO,bootstrap,0.05,0.5,2,0.401,0.015498354751392161
Ant-v5,DDPG,PPO,permutation,0.05,0.5,2,0.43,0.015655669899432602
Ant-v5,DDPG,PPO,t-test,0.05,0.5,3,0.129,0.010599952830083727
Ant-v5,DDPG,PPO,Welch t-test,0.05,0.5,3,0.084,0.008771772910877254
Ant-v5,DDPG,PPO,Mann-Whitney,0.05,0.5,3,0.0,0.0
Ant-v5,DDPG,PPO,Ranked t-test,0.05,0.5,3,0.147,0.011197812286335219
Ant-v5,DDPG,PPO,bootstrap,0.05,0.5,3,0.325,0.014811313243598625
Ant-v5,DDPG,PPO,permutation,0.05,0.5,3,0.201,0.012672766075328622
Ant-v5,DDPG,PPO,t-test,0.05,0.5,5,0.168,0.011822690049223147
Ant-v5,DDPG,PPO,Welch t-test,0.05,0.5,5,0.145,0.01113440613593738
Ant-v5,DDPG,PPO,Mann-Whitney,0.05,0.5,5,0.049,0.006826346021115542
Ant-v5,DDPG,PPO,Ranked t-test,0.05,0.5,5,0.056,0.007270763371201128
Ant-v5,DDPG,PPO,bootstrap,0.05,0.5,5,0.265,0.013956181426163821
Ant-v5,DDPG,PPO,permutation,0.05,0.5,5,0.188,0.012355403676124872
Ant-v5,DDPG,PPO,t-test,0.05,0.5,10,0.256,0.013800869537822608
Ant-v5,DDPG,PPO,Welch t-test,0.05,0.5,10,0.255,0.013783141876945184
Ant-v5,DDPG,PPO,Mann-Whitney,0.05,0.5,10,0.061,0.0075682891065286355
Ant-v5,DDPG,PPO,Ranked t-test,0.05,0.5,10,0.068,0.007960904471226871
Ant-v5,DDPG,PPO,bootstrap,0.05,0.5,10,0.332,0.014892145580808697
Ant-v5,DDPG,PPO,permutation,0.05,0.5,10,0.246,0.013619251080731275
Ant-v5,DDPG,PPO,t-test,0.05,0.5,20,0.403,0.01551099609954177
Ant-v5,DDPG,PPO,Welch t-test,0.05,0.5,20,0.429,0.015651166090742248
Ant-v5,DDPG,PPO,Mann-Whitney,0.05,0.5,20,0.079,0.008529888627643388
Ant-v5,DDPG,PPO,Ranked t-test,0.05,0.5,20,0.067,0.007906389820898032
Ant-v5,DDPG,PPO,bootstrap,0.05,0.5,20,0.442,0.01570464899321217
Ant-v5,DDPG,PPO,permutation,0.05,0.5,20,0.413,0.0155701958882989
Ant-v5,DDPG,PPO,t-test,0.05,0.5,30,0.501,0.015811356678033673
Ant-v5,DDPG,PPO,Welch t-test,0.05,0.5,30,0.501,0.015811356678033673
Ant-v5,DDPG,PPO,Mann-Whitney,0.05,0.5,30,0.093,0.009184280047995052
Ant-v5,DDPG,PPO,Ranked t-test,0.05,0.5,30,0.098,0.009401914698613257
Ant-v5,DDPG,PPO,bootstrap,0.05,0.5,30,0.535,0.015772602828956293
Ant-v5,DDPG,PPO,permutation,0.05,0.5,30,0.508,0.015809364313595912
Ant-v5,DDPG,PPO,t-test,0.05,1.0,2,0.159,0.011563693181678594
Ant-v5,DDPG,PPO,Welch t-test,0.05,1.0,2,0.074,0.00827792244467173
Ant-v5,DDPG,PPO,Mann-Whitney,0.05,1.0,2,0.0,0.0
Ant-v5,DDPG,PPO,Ranked t-test,0.05,1.0,2,0.0,0.0
Ant-v5,DDPG,PPO,bootstrap,0.05,1.0,2,0.569,0.015660108556456435
Ant-v5,DDPG,PPO,permutation,0.05,1.0,2,0.548,0.015738360778683402
Ant-v5,DDPG,PPO,t-test,0.05,1.0,3,0.24,0.013505554412907307
Ant-v5,DDPG,PPO,Welch t-test,0.05,1.0,3,0.175,0.012015614840697915
Ant-v5,DDPG,PPO,Mann-Whitney,0.05,1.0,3,0.0,0.0
Ant-v5,DDPG,PPO,Ranked t-test,0.05,1.0,3,0.184,0.012253326079069307
Ant-v5,DDPG,PPO,bootstrap,0.05,1.0,3,0.521,0.015797436500901024
Ant-v5,DDPG,PPO,permutation,0.05,1.0,3,0.357,0.015150940564862632
Ant-v5,DDPG,PPO,t-test,0.05,1.0,5,0.37,0.015267612779999367
Ant-v5,DDPG,PPO,Welch t-test,0.05,1.0,5,0.376,0.015317441039547044
Ant-v5,DDPG,PPO,Mann-Whitney,0.05,1.0,5,0.095,0.00927227048785787
Ant-v5,DDPG,PPO,Ranked t-test,0.05,1.0,5,0.128,0.010564847372300274
Ant-v5,DDPG,PPO,bootstrap,0.05,1.0,5,0.532,0.01577897335063343
Ant-v5,DDPG,PPO,permutation,0.05,1.0,5,0.387,0.015402305022301045
Ant-v5,DDPG,PPO,t-test,0.05,1.0,10,0.623,0.01532550162311172
Ant-v5,DDPG,PPO,Welch t-test,0.05,1.0,10,0.607,0.015445096309184997
Ant-v5,DDPG,PPO,Mann-Whitney,0.05,1.0,10,0.182,0.012201475320632338
Ant-v5,DDPG,PPO,Ranked t-test,0.05,1.0,10,0.218,0.0130566458173606
Ant-v5,DDPG,PPO,bootstrap,0.05,1.0,10,0.638,0.015197236590906913
Ant-v5,DDPG,PPO,permutation,0.05,1.0,10,0.623,0.01532550162311172
Ant-v5,DDPG,PPO,t-test,0.05,1.0,20,0.804,0.01255324659201754
Ant-v5,DDPG,PPO,Welch t-test,0.05,1.0,20,0.83,0.0118785521003193
Ant-v5,DDPG,PPO,Mann-Whitney,0.05,1.0,20,0.345,0.015032464867745409
Ant-v5,DDPG,PPO,Ranked t-test,0.05,1.0,20,0.346,0.015042739112276061
Ant-v5,DDPG,PPO,bootstrap,0.05,1.0,20,0.858,0.011037934589405756
Ant-v5,DDPG,PPO,permutation,0.05,1.0,20,0.827,0.011961229033840963
Ant-v5,DDPG,PPO,t-test,0.05,1.0,30,0.933,0.007906389820898028
Ant-v5,DDPG,PPO,Welch t-test,0.05,1.0,30,0.946,0.0071473071852271785
Ant-v5,DDPG,PPO,Mann-Whitney,0.05,1.0,30,0.513,0.015806043148112688
Ant-v5,DDPG,PPO,Ranked t-test,0.05,1.0,30,0.508,0.015809364313595912
Ant-v5,DDPG,PPO,bootstrap,0.05,1.0,30,0.945,0.007209368904418752
Ant-v5,DDPG,PPO,permutation,0.05,1.0,30,0.926,0.008277922444671728
Ant-v5,DDPG,PPO,t-test,0.05,2.0,2,0.321,0.0147634345597493
Ant-v5,DDPG,PPO,Welch t-test,0.05,2.0,2,0.155,0.011444430960078356
Ant-v5,DDPG,PPO,Mann-Whitney,0.05,2.0,2,0.0,0.0
Ant-v5,DDPG,PPO,Ranked t-test,0.05,2.0,2,0.0,0.0
Ant-v5,DDPG,PPO,bootstrap,0.05,2.0,2,0.816,0.012253326079069309
Ant-v5,DDPG,PPO,permutation,0.05,2.0,2,0.797,0.012719709116170855
Ant-v5,DDPG,PPO,t-test,0.05,2.0,3,0.568,0.01566448211719749
Ant-v5,DDPG,PPO,Welch t-test,0.05,2.0,3,0.448,0.01572564784039119
Ant-v5,DDPG,PPO,Mann-Whitney,0.05,2.0,3,0.0,0.0
Ant-v5,DDPG,PPO,Ranked t-test,0.05,2.0,3,0.404,0.015517216245190372
Ant-v5,DDPG,PPO,bootstrap,0.05,2.0,3,0.813,0.012330085157856779
Ant-v5,DDPG,PPO,permutation,0.05,2.0,3,0.628,0.015284501954594399
Ant-v5,DDPG,PPO,t-test,0.05,2.0,5,0.778,0.013142145943490354
Ant-v5,DDPG,PPO,Welch t-test,0.05,2.0,5,0.821,0.012122664723566351
Ant-v5,DDPG,PPO,Mann-Whitney,0.05,2.0,5,0.32,0.014751271131668619
Ant-v5,DDPG,PPO,Ranked t-test,0.05,2.0,5,0.446,0.01571890581433708
Ant-v5,DDPG,PPO,bootstrap,0.05,2.0,5,0.887,0.010011543337567888
Ant-v5,DDPG,PPO,permutation,0.05,2.0,5,0.768,0.013348258313353095
Ant-v5,DDPG,PPO,t-test,0.05,2.0,10,0.948,0.007021111023192843
Ant-v5,DDPG,PPO,Welch t-test,0.05,2.0,10,0.946,0.0071473071852271785
Ant-v5,DDPG,PPO,Mann-Whitney,0.05,2.0,10,0.695,0.014559361249725209
Ant-v5,DDPG,PPO,Ranked t-test,0.05,2.0,10,0.718,0.014229406171727618
Ant-v5,DDPG,PPO,bootstrap,0.05,2.0,10,0.964,0.005891010100144119
Ant-v5,DDPG,PPO,permutation,0.05,2.0,10,0.957,0.006414904519944161
Ant-v5,DDPG,PPO,t-test,0.05,2.0,20,0.999,0.0009994998749374613
Ant-v5,DDPG,PPO,Welch t-test,0.05,2.0,20,1.0,0.0
Ant-v5,DDPG,PPO,Mann-Whitney,0.05,2.0,20,0.967,0.005648982209212561
Ant-v5,DDPG,PPO,Ranked t-test,0.05,2.0,20,0.96,0.00619677335393187
Ant-v5,DDPG,PPO,bootstrap,0.05,2.0,20,1.0,0.0
Ant-v5,DDPG,PPO,permutation,0.05,2.0,20,1.0,0.0
Ant-v5,DDPG,PPO,t-test,0.05,2.0,30,1.0,0.0
Ant-v5,DDPG,PPO,Welch t-test,0.05,2.0,30,1.0,0.0
Ant-v5,DDPG,PPO,Mann-Whitney,0.05,2.0,30,0.996,0.0019959959919799443
Ant-v5,DDPG,PPO,Ranked t-test,0.05,2.0,30,0.998,0.0014127986409959495
Ant-v5,DDPG,PPO,bootstrap,0.05,2.0,30,1.0,0.0
Ant-v5,DDPG,PPO,permutation,0.05,2.0,30,1.0,0.0
Ant-v5,DDPG,PPO,t-test,0.01,0.5,2,0.026,0.0050322956987840055
Ant-v5,DDPG,PPO,Welch t-test,0.01,0.5,2,0.01,0.003146426544510455
Ant-v5,DDPG,PPO,Mann-Whitney,0.01,0.5,2,0.0,0.0
Ant-v5,DDPG,PPO,Ranked t-test,0.01,0.5,2,0.0,0.0
Ant-v5,DDPG,PPO,bootstrap,0.01,0.5,2,0.457,0.015752809273269323
Ant-v5,DDPG,PPO,permutation,0.01,0.5,2,0.437,0.01568537535413163
Ant-v5,DDPG,PPO,t-test,0.01,0.5,3,0.044,0.006485676526007136
Ant-v5,DDPG,PPO,Welch t-test,0.01,0.5,3,0.017,0.004087909000944126
Ant-v5,DDPG,PPO,Mann-Whitney,0.01,0.5,3,0.0,0.0
Ant-v5,DDPG,PPO,Ranked t-test,0.01,0.5,3,0.001,0.0009994998749374609
Ant-v5,DDPG,PPO,bootstrap,0.01,0.5,3,0.273,0.014087973594523805
Ant-v5,DDPG,PPO,permutation,0.01,0.5,3,0.217,0.013034991369387246
Ant-v5,DDPG,PPO,t-test,0.01,0.5,5,0.057,0.007331507348424334
Ant-v5,DDPG,PPO,Welch t-test,0.01,0.5,5,0.04,0.0061967733539318665
Ant-v5,DDPG,PPO,Mann-Whitney,0.01,0.5,5,0.008,0.0028170906978654416
Ant-v5,DDPG,PPO,Ranked t-test,0.01,0.5,5,0.024,0.004839834707921336
Ant-v5,DDPG,PPO,bootstrap,0.01,0.5,5,0.212,0.012925014506761685
Ant-v5,DDPG,PPO,permutation,0.01,0.5,5,0.081,0.008627803892068943
Ant-v5,DDPG,PPO,t-test,0.01,0.5,10,0.11,0.009894442884771228
Ant-v5,DDPG,PPO,Welch t-test,0.01,0.5,10,0.104,0.009653186002558949
Ant-v5,DDPG,PPO,Mann-Whitney,0.01,0.5,10,0.005,0.0022304708023195463
Ant-v5,DDPG,PPO,Ranked t-test,0.01,0.5,10,0.017,0.004087909000944126
Ant-v5,DDPG,PPO,bootstrap,0.01,0.5,10,0.182,0.012201475320632338
Ant-v5,DDPG,PPO,permutation,0.01,0.5,10,0.105,0.009694070352540258
Ant-v5,DDPG,PPO,t-test,0.01,0.5,20,0.213,0.012947239087929134
Ant-v5,DDPG,PPO,Welch t-test,0.01,0.5,20,0.219,0.013078187947877183
Ant-v5,DDPG,PPO,Mann-Whitney,0.01,0.5,20,0.027,0.00512552436341883
Ant-v5,DDPG,PPO,Ranked t-test,0.01,0.5,20,0.028,0.005216895628628198
Ant-v5,DDPG,PPO,bootstrap,0.01,0.5,20,0.272,0.014071815803228808
Ant-v5,DDPG,PPO,permutation,0.01,0.5,20,0.214,0.012969348480166612
Ant-v5,DDPG,PPO,t-test,0.01,0.5,30,0.29,0.01434921600645833
Ant-v5,DDPG,PPO,Welch t-test,0.01,0.5,30,0.293,0.014392741226048637
Ant-v5,DDPG,PPO,Mann-Whitney,0.01,0.5,30,0.023,0.004740358636221525
Ant-v5,DDPG,PPO,Ranked t-test,0.01,0.5,30,0.024,0.004839834707921336
Ant-v5,DDPG,PPO,bootstrap,0.01,0.5,30,0.335,0.014925649064613574
Ant-v5,DDPG,PPO,permutation,0.01,0.5,30,0.304,0.014545927265045703
Ant-v5,DDPG,PPO,t-test,0.01,1.0,2,0.048,0.006759881655768835
Ant-v5,DDPG,PPO,Welch t-test,0.01,1.0,2,0.019,0.004317290817167636
Ant-v5,DDPG,PPO,Mann-Whitney,0.01,1.0,2,0.0,0.0
Ant-v5,DDPG,PPO,Ranked t-test,0.01,1.0,2,0.002,0.0014127986409959489
Ant-v5,DDPG,PPO,bootstrap,0.01,1.0,2,0.542,0.015755506973753653
Ant-v5,DDPG,PPO,permutation,0.01,1.0,2,0.569,0.015660108556456435
Ant-v5,DDPG,PPO,t-test,0.01,1.0,3,0.093,0.009184280047995052
Ant-v5,DDPG,PPO,Welch t-test,0.01,1.0,3,0.048,0.006759881655768835
Ant-v5,DDPG,PPO,Mann-Whitney,0.01,1.0,3,0.0,0.0
Ant-v5,DDPG,PPO,Ranked t-test,0.01,1.0,3,0.001,0.0009994998749374609
Ant-v5,DDPG,PPO,bootstrap,0.01,1.0,3,0.407,0.015535475531827147
Ant-v5,DDPG,PPO,permutation,0.01,1.0,3,0.345,0.015032464867745409
Ant-v5,DDPG,PPO,t-test,0.01,1.0,5,0.174,0.011988494484296182
Ant-v5,DDPG,PPO,Welch t-test,0.01,1.0,5,0.145,0.01113440613593738
Ant-v5,DDPG,PPO,Mann-Whitney,0.01,1.0,5,0.025,0.0049371044145328745
Ant-v5,DDPG,PPO,Ranked t-test,0.01,1.0,5,0.06,0.007509993342207435
Ant-v5,DDPG,PPO,bootstrap,0.01,1.0,5,0.401,0.015498354751392161
Ant-v5,DDPG,PPO,permutation,0.01,1.0,5,0.192,0.012455360291858283
Ant-v5,DDPG,PPO,t-test,0.01,1.0,10,0.381,0.015357050498061143
Ant-v5,DDPG,PPO,Welch t-test,0.01,1.0,10,0.37,0.015267612779999367
Ant-v5,DDPG,PPO,Mann-Whitney,0.01,1.0,10,0.074,0.00827792244467173
Ant-v5,DDPG,PPO,Ranked t-test,0.01,1.0,10,0.079,0.008529888627643388
Ant-v5,DDPG,PPO,bootstrap,0.01,1.0,10,0.503,0.01581110369329099
Ant-v5,DDPG,PPO,permutation,0.01,1.0,10,0.386,0.015394934231752989
Ant-v5,DDPG,PPO,t-test,0.01,1.0,20,0.658,0.01500119995200384
Ant-v5,DDPG,PPO,Welch t-test,0.01,1.0,20,0.645,0.015131919904625453
Ant-v5,DDPG,PPO,Mann-Whitney,0.01,1.0,20,0.144,0.011102432165971562
Ant-v5,DDPG,PPO,Ranked t-test,0.01,1.0,20,0.182,0.012201475320632338
Ant-v5,DDPG,PPO,bootstrap,0.01,1.0,20,0.691,0.014612289348353324
Ant-v5,DDPG,PPO,permutation,0.01,1.0,20,0.657,0.015011695440555674
Ant-v5,DDPG,PPO,t-test,0.01,1.0,30,0.84,0.011593101396951551
Ant-v5,DDPG,PPO,Welch t-test,0.01,1.0,30,0.851,0.011260506205317771
Ant-v5,DDPG,PPO,Mann-Whitney,0.01,1.0,30,0.248,0.01365635383255721
Ant-v5,DDPG,PPO,Ranked t-test,0.01,1.0,30,0.251,0.013711272734505722
Ant-v5,DDPG,PPO,bootstrap,0.01,1.0,30,0.868,0.010704017937204702
Ant-v5,DDPG,PPO,permutation,0.01,1.0,30,0.854,0.011166198995181844
Ant-v5,DDPG,PPO,t-test,0.01,2.0,2,0.108,0.009815090422405696
Ant-v5,DDPG,PPO,Welch t-test,0.01,2.0,2,0.046,0.006624499981130651
Ant-v5,DDPG,PPO,Mann-Whitney,0.01,2.0,2,0.0,0.0
Ant-v5,DDPG,PPO,Ranked t-test,0.01,2.0,2,0.0,0.0
Ant-v5,DDPG,PPO,bootstrap,0.01,2.0,2,0.78,0.01309961831505025
Ant-v5,DDPG,PPO,permutation,0.01,2.0,2,0.783,0.013034991369387246
Ant-v5,DDPG,PPO,t-test,0.01,2.0,3,0.278,0.01416742743055351
Ant-v5,DDPG,PPO,Welch t-test,0.01,2.0,3,0.139,0.010939789760319894
Ant-v5,DDPG,PPO,Mann-Whitney,0.01,2.0,3,0.0,0.0
Ant-v5,DDPG,PPO,Ranked t-test,0.01,2.0,3,0.001,0.0009994998749374609
Ant-v5,DDPG,PPO,bootstrap,0.01,2.0,3,0.741,0.013853483316480371
Ant-v5,DDPG,PPO,permutation,0.01,2.0,3,0.582,0.015597307459943206
Ant-v5,DDPG,PPO,t-test,0.01,2.0,5,0.579,0.015612783224012303
Ant-v5,DDPG,PPO,Welch t-test,0.01,2.0,5,0.535,0.015772602828956293
Ant-v5,DDPG,PPO,Mann-Whitney,0.01,2.0,5,0.122,0.010349685985574635
Ant-v5,DDPG,PPO,Ranked t-test,0.01,2.0,5,0.246,0.013619251080731275
Ant-v5,DDPG,PPO,bootstrap,0.01,2.0,5,0.774,0.013225883713385657
Ant-v5,DDPG,PPO,permutation,0.01,2.0,5,0.516,0.015803290796539814
Ant-v5,DDPG,PPO,t-test,0.01,2.0,10,0.86,0.010972693379476163
Ant-v5,DDPG,PPO,Welch t-test,0.01,2.0,10,0.83,0.0118785521003193
Ant-v5,DDPG,PPO,Mann-Whitney,0.01,2.0,10,0.436,0.015681326474504636
Ant-v5,DDPG,PPO,Ranked t-test,0.01,2.0,10,0.522,0.015796075461962062
Ant-v5,DDPG,PPO,bootstrap,0.01,2.0,10,0.907,0.009184280047995052
Ant-v5,DDPG,PPO,permutation,0.01,2.0,10,0.869,0.010669536072388528
Ant-v5,DDPG,PPO,t-test,0.01,2.0,20,0.994,0.002442130217658347
Ant-v5,DDPG,PPO,Welch t-test,0.01,2.0,20,0.994,0.002442130217658347
Ant-v5,DDPG,PPO,Mann-Whitney,0.01,2.0,20,0.857,0.011070275515993268
Ant-v5,DDPG,PPO,Ranked t-test,0.01,2.0,20,0.883,0.010164201887015036
Ant-v5,DDPG,PPO,bootstrap,0.01,2.0,20,0.993,0.002636474919281427
Ant-v5,DDPG,PPO,permutation,0.01,2.0,20,0.992,0.0028170906978654425
Ant-v5,DDPG,PPO,t-test,0.01,2.0,30,1.0,0.0
Ant-v5,DDPG,PPO,Welch t-test,0.01,2.0,30,1.0,0.0
Ant-v5,DDPG,PPO,Mann-Whitney,0.01,2.0,30,0.975,0.004937104414532877
Ant-v5,DDPG,PPO,Ranked t-test,0.01,2.0,30,0.979,0.00453420334788814
Ant-v5,DDPG,PPO,bootstrap,0.01,2.0,30,1.0,0.0
Ant-v5,DDPG,PPO,permutation,0.01,2.0,30,1.0,0.0
